"WarNum","WarName","WarType","CcodeA","SideA","CcodeB","SideB","Initiator","Intnl","StartMonth1","StartDay1","StartYear1","EndMonth1","EndDay1","EndYear1","StartMonth2","StartDay2","StartYear2","EndMonth2","EndDay2","EndYear2","TransFrom","WhereFought",,"Outcome","TransTo","SideADeaths","SideBDeaths","Version"
500,"First Caucasus",5,365,"Russia",-8,"Georgians, Dhagestania, Chechens","Georgians, Dhagestania, Chechens",0,6,10,1818,-9,-9,1822,-8,-8,-8,-8,-8,-8,-8,2,,1,-8,5000,6000,4.1
501,"Sidon-Damascus",6,-8,"Sidon",-8,"Damascus & Aleppo","Sidon",0,6,-9,1820,7,21,1821,-8,-8,-8,-8,-8,-8,-8,6,,2,-8,-9,-9,4.1
502,"First Two Sicilies",4,300,"Austria-Hungary",-8,-8,"Liberals",1,3,-9,1821,3,23,1821,-8,-8,-8,-8,-8,-8,-8,2,,1,-8,-9,-8,4.1
502,"First Two Sicilies",4,329,"Two Sicilies",-8,"Liberals","Liberals",1,7,2,1820,3,23,1821,-8,-8,-8,-8,-8,-8,-8,2,,1,-8,-9,-9,4.1
503,"Spanish Royalists",4,230,"Spain",-8,"Royalists","Royalists",0,12,1,1821,4,6,1823,-8,-8,-8,-8,-8,-8,-8,2,,4,1,-9,-9,4.1
505,"Sardinian Revolt",4,300,"Austria-Hungary",-8,-8,"Carbonari",1,3,10,1821,5,8,1821,-8,-8,-8,-8,-8,-8,-8,2,,1,-8,-9,-8,4.1
505,"Sardinian Revolt",4,325,"Sardinia",-8,"Carbonari","Carbonari",1,3,10,1821,5,8,1821,-8,-8,-8,-8,-8,-8,-8,2,,1,-8,-9,-9,4.1
506,"Greek Independence",5,640,"Ottoman Empire",-8,"Greeks","Greeks",1,3,25,1821,4,25,1828,-8,-8,-8,-8,-8,-8,-8,2,,4,4,6000,3000,4.1
506,"Greek Independence",5,-8,-8,200,"United Kingdom","Greeks",1,10,20,1827,10,27,1827,-8,-8,-8,-8,-8,-8,-8,2,,4,4,-8,80,4.1
506,"Greek Independence",5,-8,-8,220,"France","Greeks",1,10,20,1827,10,27,1827,-8,-8,-8,-8,-8,-8,-8,2,,4,4,-8,40,4.1
506,"Greek Independence",5,-8,-8,365,"Russia","Greeks",1,10,20,1827,4,25,1828,-8,-8,-8,-8,-8,-8,-8,2,,4,4,-8,60,4.1
507,"Egypt-Mehdi",6,-8,"Egypt",-8,"Mehdi army","Mehdi army",0,3,20,1824,4,-9,1824,-8,-8,-8,-8,-8,-8,-8,6,,1,-8,-9,-9,4.1
508,"Janissari Revolt",4,640,"Ottoman Empire",-8,"Janissaries","Janissaries",0,6,14,1826,9,30,1826,-8,-8,-8,-8,-8,-8,-8,6,,1,-8,300,6000,4.1
510,"Miguelite War",4,-8,-8,200,"United Kingdom","Constitutionalists",1,7,1,1831,5,26,1834,-8,-8,-8,-8,-8,-8,-8,2,,2,-8,-8,100,4.1
510,"Miguelite War",4,235,"Portugal",-8,"Constitutionalists","Constitutionalists",1,7,11,1828,5,26,1834,-8,-8,-8,-8,-8,-8,-8,2,,2,-8,12000,8000,4.1
511,"First Murid War",5,365,"Russia",-8,"Ghazi Muhammad","Ghazi Muhammad",0,-9,-9,1830,10,17,1832,-8,-8,-8,-8,-8,-8,-8,2,,1,-8,1000,500,4.1
512,"First Albanian Revolt",5,640,"Ottoman Empire",-8,"Albanians","Albanians",0,2,-9,1830,11,-9,1831,-8,-8,-8,-8,-8,-8,-8,2,,1,-8,5000,10000,4.1
513,"First French Insurrection",4,220,"France",-8,"Liberals","Liberals",0,7,25,1830,7,29,1830,-8,-8,-8,-8,-8,-8,-8,2,,2,-8,400,1800,4.1
515,"Belgian Independence",5,210,"Netherlands",-8,"Belgians","Belgians",0,8,25,1830,11,4,1830,-8,-8,-8,-8,-8,-8,-8,2,,2,-8,500,600,4.1
516,"Egyptian Taka Expedition",6,-8,"Egypt",-8,"Hadendowa","Egypt",0,-9,-9,1831,-9,-9,1832,-8,-8,-8,-8,-8,-8,-8,6,,2,-8,1500,-9,4.1
517,"First Polish",5,365,"Russia",-8,"Poles","Poles",0,2,7,1831,10,18,1831,-8,-8,-8,-8,-8,-8,-8,2,,1,-8,15000,20000,4.1
518,"First Syrian",5,640,"Ottoman Empire",-8,"Egyptians & Bashir","Egyptians & Bashir",0,10,1,1831,12,27,1832,-8,-8,-8,-8,-8,-8,-8,6,,2,-8,8000,4000,4.1
520,"First Mexican",4,70,"Mexico",-8,"Liberals","Liberals",0,1,2,1832,12,11,1832,-8,-8,-8,-8,-8,-8,-8,1,,2,-8,-9,-9,4.1
521,"Egypt-Palestinian Anti-Conscription Revolt",6,-8,"Palestinians",-8,"Egypt","Palestinians",0,4,19,1834,10,-9,1834,-8,-8,-8,-8,-8,-8,-8,6,,2,-8,1500,500,4.1
522,"First Carlist War",4,235,"Portugal",-8,-8,"Carlists",1,10,15,1835,2,15,1836,-8,-8,-8,-8,-8,-8,-8,2,,1,-8,50,-8,4.1
522,"First Carlist War",4,230,"Spain",-8,"Carlists","Carlists",1,7,15,1834,7,15,1840,-8,-8,-8,-8,-8,-8,-8,2,,1,-8,65000,60000,4.1
522,"First Carlist War",4,220,"France",-8,-8,"Carlists",1,10,31,1835,1,17,1839,-8,-8,-8,-8,-8,-8,-8,2,,1,-8,7700,-8,4.1
522,"First Carlist War",4,200,"United Kingdom",-8,-8,"Carlists",1,7,10,1835,9,1,1837,-8,-8,-8,-8,-8,-8,-8,2,,1,-8,2500,-8,4.1
523,"Second Murid",5,365,"Russia",-8,"Shamil","Shamil",0,9,26,1834,10,27,1834,-8,-8,-8,-8,-8,-8,-8,2,,7,-8,-9,-9,4.1
525,"Cabanos Revolt",5,140,"Brazil",-8,"Cabanos","Cabanos",0,1,6,1835,5,-9,1837,-8,-8,-8,-8,-8,-8,-8,1,,1,-8,-9,-9,4.1
526,"Farroupilha War",5,140,"Brazil",-8,"Farrapos","Farrapos",0,9,19,1835,3,1,1845,-8,-8,-8,-8,-8,-8,-8,1,,1,-8,-9,-9,4.1
527,"Texan",5,70,"Mexico",-8,"Texans","Texans",0,10,1,1835,4,22,1836,-8,-8,-8,-8,-8,-8,-8,1,,2,-8,1500,700,4.1
528,"First Bosnian",5,640,"Ottoman Empire",-8,"Bosnians","Bosnians",0,-9,-9,1836,-9,-9,1837,-8,-8,-8,-8,-8,-8,-8,2,,1,-8,-9,-9,4.1
530,"Third Murid",5,365,"Russia",-8,"Shamil","Shamil",0,7,-9,1836,-9,-9,1852,-8,-8,-8,-8,-8,-8,-8,2,,1,-8,15000,-9,4.1
531,"Sabinada Rebellion",5,140,"Brazil",-8,"Bahian Sabinada","Bahian Sabinada",0,11,7,1837,3,13,1838,-8,-8,-8,-8,-8,-8,-8,1,,1,-8,600,1200,4.1
532,"Druze Rebellion",6,-8,"Egypt & Bashir",-8,"Druze","Druze",0,9,27,1837,8,22,1838,-8,-8,-8,-8,-8,-8,-8,6,,1,-8,15000,-9,4.1
533,"Second Syrian, Phase 1",5,640,"Ottoman Empire",-8,"Egypt (Mehmet Ali)","Egypt (Mehmet Ali)",0,6,10,1839,6,24,1839,-8,-8,-8,-8,-8,-8,-8,6,,2,-8,2000,1000,4.1
535,"Lebanon Insurgency",6,-8,"Lebanese Maronites",-8,"Amir Bashir & Egypt","Amir Bashir & Egypt",0,5,27,1840,7,13,1840,-8,-8,-8,-8,-8,-8,-8,6,,2,-8,3500,1000,4.1
536,"First Colombian",4,100,"Colombia",-8,"Progressives","Progressives",0,7,15,1840,7,15,1842,-8,-8,-8,-8,-8,-8,-8,1,,2,-8,-9,-9,4.1
537,"Second Syrian, Phase 2",5,200,"United Kingdom",-8,-8,"United Kingdom",1,9,9,1840,11,27,1840,-8,-8,-8,-8,-8,-8,-8,6,,1,-8,14,-8,4.1
537,"Second Syrian, Phase 2",5,640,"Ottoman Empire",-8,"Egypt","United Kingdom",1,9,9,1840,11,27,1840,-8,-8,-8,-8,-8,-8,-8,6,,1,-8,8000,19000,4.1
538,"First Argentina War, Phase 2",4,160,"Argentina",-8,"Unitarios","Unitarios",0,1,1,1841,12,6,1842,-8,-8,-8,-8,-8,-8,1527,1,,1,-8,300,3000,4.1
540,"Second Bosnian",5,640,"Ottoman Empire",-8,"Bosnians","Bosnians",0,-9,-9,1841,-9,-9,1841,-8,-8,-8,-8,-8,-8,-8,2,,1,-8,-9,-9,4.1
541,"Triangular Revolt",4,70,"Mexico",-8,"Mexican Military","Mexican Military",0,9,4,1841,10,6,1841,-8,-8,-8,-8,-8,-8,-8,1,,2,-8,-9,-9,4.1
542,"Karbala Revolt",5,640,"Ottoman Empire",-8,"Karbala","Ottoman Empire",0,12,19,1842,1,13,1843,-8,-8,-8,-8,-8,-8,-8,6,,1,-8,1600,3000,4.1
543,"First Maronite-Druze",7,-8,"Maronites",-8,"Druze","Maronites",0,4,30,1845,5,31,1845,-8,-8,-8,-8,-8,-8,-8,6,,2,-8,2000,1000,4.1
545,"Mayan Caste War, Phase 1",6,-8,"Mayans",-8,"Yucutan","Mayans",0,1,15,1847,8,16,1848,-8,-8,-8,-8,-8,-8,-8,1,,4,553,-9,1800,4.1
546,"Second Carlist",4,230,"Spain",-8,"Carlists","Carlists",0,5,15,1847,5,1,1849,-8,-8,-8,-8,-8,-8,-8,2,,1,-8,3000,7000,4.1
547,"Second Two Sicilies",4,329,"Two Sicilies",-8,"Liberals","Liberals",0,1,12,1848,1,27,1848,5,15,1848,5,15,1849,-8,2,,1,-8,1500,-9,4.1
548,"First Venezuelan",4,101,"Venezuela",-8,"Paez led Conservatives ","Paez led Conservatives",0,2,4,1848,8,15,1849,-8,-8,-8,-8,-8,-8,-8,1,,1,-8,1500,-9,4.1
550,"Viennese Revolt",4,300,"Austria-Hungary",-8,"Viennese","Viennese",0,3,13,1848,10,31,1848,-8,-8,-8,-8,-8,-8,-8,2,,1,-8,249,3000,4.1
551,"Milan Five Day Revolt",5,300,"Austria-Hungary",-8,"Milan","Milan",0,3,18,1848,3,23,1848,-8,-8,-8,-8,-8,-8,-8,2,,4,10,600,430,4.1
552,"Second French Insurrection",4,220,"France",-8,"French Radicals","French Radicals",0,6,23,1848,6,26,1848,-8,-8,-8,-8,-8,-8,-8,2,,1,-8,1200,1600,4.1
553,"Mayan Caste War, Phase 2",5,70,"Mexico",-8,"Yucatan Maya","Mexico",0,8,17,1848,3,4,1855,-8,-8,-8,-8,-8,-8,545,1,,1,-8,-9,-9,4.1
554,"Hungarian",5,300,"Austria-Hungary",-8,"Magyars","Magyars",1,9,9,1848,8,13,1849,-8,-8,-8,-8,-8,-8,-8,2,,1,-8,46000,20000,4.1
554,"Hungarian",5,365,"Russia",-8,-8,"Magyars",1,7,16,1849,8,13,1849,-8,-8,-8,-8,-8,-8,-8,2,,1,-8,14500,-8,4.1
555,"First Chilean",4,155,"Chile",-8,"Liberals","Liberals",0,9,5,1851,12,15,1851,-8,-8,-8,-8,-8,-8,-8,1,,1,-8,1500,2500,4.1
556,"First Turco-Montenegrin",5,640,"Ottoman Empire",-8,"Montenegro & Hercegovina","Ottoman Empire",0,12,2,1852,3,13,1853,-8,-8,-8,-8,-8,-8,-8,2,,2,-8,-9,-9,4.1
557,"First Peru",4,135,"Peru",-8,"Liberals","Liberals",0,12,21,1853,1,7,1855,-8,-8,-8,-8,-8,-8,-8,1,,2,-8,-9,-9,4.1
558,"Puebla War",4,70,"Mexico",-8,"Puebla","Mexico",0,12,11,1855,3,21,1856,-8,-8,-8,-8,-8,-8,-8,1,,1,-8,600,3000,4.1
560,"Second Peru",4,135,"Peru",-8,"Conservatives","Conservatives",0,10,31,1856,3,7,1858,-8,-8,-8,-8,-8,-8,-8,1,,1,-8,-9,-9,4.1
561,"Mexican Reform",4,70,"Mexico",-8,"Liberals","Liberals",0,2,15,1858,1,1,1861,-8,-8,-8,-8,-8,-8,-8,1,,4,-8,-9,-9,4.1
562,"Second Turco-Montenegrin",5,640,"Ottoman Empire",-8,"Montenegrins","Montenegrins",0,5,4,1858,6,1,1859,-8,-8,-8,-8,-8,-8,-8,2,,2,-8,3000,1400,4.1
563,"Second Venezuelan/Federalist",4,101,"Venezuela",-8,"Liberals","Liberals",0,2,1,1859,5,23,1863,-8,-8,-8,-8,-8,-8,-8,1,,2,-8,15000,5000,4.1
565,"Second Colombian",4,100,"Colombia",-8,"Liberals","Liberals",0,5,15,1860,7,18,1861,-8,-8,-8,-8,-8,-8,-8,1,,2,-8,-9,-9,4.1
566,"Second Maronite-Druze",7,-8,"Maronites",-8,"Druze","Maronites",0,5,26,1860,7,12,1860,-8,-8,-8,-8,-8,-8,-8,6,,2,-8,8000,1500,4.1
567,"Taiping Rebellion, Phase 2",4,710,"China",-8,"Taipings","Taipings",1,10,25,1860,2,9,1866,-8,-8,-8,-8,-8,-8,1534,7,,1,-8,26000,85000,4.1
567,"Taiping Rebellion, Phase 2",4,200,"United Kingdom",-8,-8,"Taipings",1,3,1,1862,8,1,1862,-8,-8,-8,-8,-8,-8,1534,7,,1,-8,25,-8,4.1
568,"Second Nien Revolt",5,710,"China",-8,"Niens","Niens",0,10,25,1860,8,16,1868,-8,-8,-8,-8,-8,-8,,7,,1,-8,-9,-9,4.1
570,"Miao Revolt Phase 2",5,710,"China",-8,"Miaos","Miaos",0,10,25,1860,5,1,1872,-8,-8,-8,-8,-8,-8,1537,7,,1,-8,-9,-9,4.1
571,"Panthay Rebellion Phase 2",5,710,"China",-8,"Muslims (Hui)","Muslims (Hui)",0,10,25,1860,12,26,1872,-8,-8,-8,-8,-8,-8,1542,7,,1,-8,-9,-9,4.1
572,"U.S. Civil War",5,2,"United States of America",-8,"Confederacy","Confederacy",0,4,10,1861,4,9,1865,-8,-8,-8,-8,-8,-8,-8,1,,1,-8,360000,258000,4.1
573,"Third Buenos Aires",5,160,"Argentina",-8,"Buenos Aires","Buenos Aires",0,8,20,1861,12,2,1861,-8,-8,-8,-8,-8,-8,-8,1,,2,-8,500,500,4.1
575,"Third Turco-Montenegrin",5,640,"Turkey",-8,"Montenegro","Turkey",0,12,-9,1861,8,31,1862,-8,-8,-8,-8,-8,-8,-8,2,,3,-8,-9,-9,4.1
576,"Tungan Rebellion",5,710,"China",-8,"Muslims  in Sinkiang","Muslims  in Sinkiang",0,5,-9,1862,10,24,1873,-8,-8,-8,-8,-8,-8,-8,7,,1,-8,-9,-9,4.1
577,"Sioux-Minnesota",6,-8,"Santee Sioux",-8,"Settlers & militia","Santee Sioux",0,8,17,1862,9,26,1862,-8,-8,-8,-8,-8,-8,-8,1,,2,-8,217,851,4.1
578,"Bolivan Perez Rebellion",4,145,"Bolivia",-8,"Gregorio Perez's followers","Gregorio Perez's followers",0,9,15,1862,9,15,1862,-8,-8,-8,-8,-8,-8,-8,1,,1,-8,-9,-9,4.1
580,"Second Polish",5,365,"Russia",-8,"Poles","Poles",0,1,22,1863,4,19,1864,-8,-8,-8,-8,-8,-8,-8,2,,1,-8,10000,6500,4.1
581,"Second Argentina",4,160,"Argentina",-8,"Montoneros","Montoneros",0,4,2,1863,11,12,1863,-8,-8,-8,-8,-8,-8,-8,1,,1,-8,-9,-9,4.1
582,"Xinjiang Muslim Revolt",5,365,"Russia",-8,-8,"Muslims",1,6,24,1871,7,3,1871,-8,-8,-8,-8,-8,-8,-8,7,,2,-8,-9,-8,4.1
582,"Xinjiang Muslim Revolt",5,710,"China",-8,"Muslims","Muslims",1,7,-9,1864,7,3,1871,-8,-8,-8,-8,-8,-8,-8,7,,2,-8,-9,-9,4.1
583,"First  Cretan",5,640,"Ottoman Empire",-8,"Cretans","Cretans",0,5,29,1866,2,22,1867,-8,-8,-8,-8,-8,-8,-8,2,,1,-8,-9,-9,4.1
585,"Yellow Cliff Revolt",5,710,"China",-8,"Zhang Jizhong's followers","Zhang Jizhong's followers",0,10,-9,1866,10,-91866,,-8,-8,-8,-8,-8,-8,-8,7,,1,-8,-9,-9,4.1
586,"Third Argentina",4,160,"Argentina",-8,"Montoneros","Argentina",0,12,15,1866,10,15,1867,-8,-8,-8,-8,-8,-8,-8,1,,1,-8,-9,-9,4.1
587,"Queretaro",4,70,"Mexico",-8,"Liberals","Liberals",0,2,6,1867,5,14,1867,-8,-8,-8,-8,-8,-8,40,1,,2,-8,1500,1000,4.1
588,"Meiji Restoration",4,740,"Japan",-8,"Tokugawa","Japan",0,1,3,1868,7,4,1868,-8,-8,-8,-8,-8,-8,-8,7,,1,-8,-9,-9,4.1
590,"Third Venezuelan",4,101,"Venezuela",-8,"Conservatives","Conservatives",0,1,11,1868,8,14,1868,8,14,1869,1,7,1871,-8,1,,2,-8,-9,-9,4.1
591,"Spanish Liberals",4,230,"Spain",-8,"Liberals","Liberals",0,9,18,1868,9,29,1868,-8,-8,-8,-8,-8,-8,-8,2,,2,-8,-9,-9,4.1
592,"Guerre des Cacos",4,41,"Haiti",-8,"Black peasants","Black peasants",0,2,-9,1869,12,18,1869,-8,-8,-8,-8,-8,-8,-8,1,,2,-8,-9,-9,4.1
593,"Fourth Argentina",5,160,"Argentina",-8,"Entre Rios Province","Entre Rios Province",0,5,20,1870,3,13,1871,-8,-8,-8,-8,-8,-8,-8,1,,1,-8,-9,-9,4.1
595,"Bolivia-Criollos",4,145,"Bolivia",-8,"Crillos","Crillos",0,11,24,1870,1,15,1871,-8,-8,-8,-8,-8,-8,-8,1,,2,-8,-9,-9,4.1
596,"Paris Commune",4,220,"France",-8,"Communards","Communards",0,4,2,1871,5,29,1871,-8,-8,-8,-8,-8,-8,-8,2,,1,-8,879,25000,4.1
597,"Third Carlist",4,230,"Spain",-8,"Carlists","Carlists",0,4,20,1872,2,20,1876,-8,-8,-8,-8,-8,-8,-8,2,,1,-8,7000,43000,4.1
598,"Catonalist Uprising",5,230,"Spain",-8,"Rebel cities (cantons)","Rebel cities (cantons)",0,-9,-9,1874,1,-9,1875,-8,-8,-8,-8,-8,-8,-8,2,,1,-8,-9,-9,4.1
600,"Fifth Argentina",4,160,"Argentina",-8,"Mitre led Rebels","Mitre led Rebels",0,9,-9,1874,11,6,1874,-8,-8,-8,-8,-8,-8,-8,1,,1,-8,-9,-9,4.1
601,"Bosnia & Bulgaria Revolt",5,640,"Ottoman Empire",-8,"Bosnia & Bulgaria","Bosnia & Bulgaria",0,6,30,1875,6,29,1876,-8,-8,-8,-8,-8,-8,-8,2,,4,373,6000,3000,4.1
602,"Diaz Revolt",4,70,"Mexico",-8,"Rebels","Rebels",0,3,-9,1876,11,23,1876,-8,-8,-8,-8,-8,-8,-8,1,,2,-8,1900,-9,4.1
603,"Defeat of Xinjiang Muslims",5,710,"China",-8,"Muslims","China",0,4,-9,1876,12,1,1877,-8,-8,-8,-8,-8,-8,-8,7,,1,-8,-9,-9,4.1
605,"Third Colombian",4,100,"Colombia",-8,"Conservatives","Conservatives",0,7,26,1876,7,1,1877,-8,-8,-8,-8,-8,-8,-8,1,,1,-8,2100,1770,4.1
607,"Satsuma Rebellion",5,740,"Japan",-8,"Satsumas","Satsumas",0,1,29,1877,9,24,1877,-8,-8,-8,-8,-8,-8,-8,7,,1,-8,7000,10000,4.1
608,"Argentine Indians",5,160,"Argentina",-8,"Indians","Argentina",0,4,6,1879,7,8,1880,-8,-8,-8,-8,-8,-8,-8,1,,1,-8,200,1500,4.1
610,"Fourth Buenos Aires",5,160,"Argentina",-8,"Buenos Aires","Buenos Aires",0,6,21,1880,7,21,1880,-8,-8,-8,-8,-8,-8,-8,1,,1,-8,400,800,4.1
611,"Haitian Civil War",4,41,"Haiti",-8,"Liberals","Liberals",0,3,27,1883,1,8,1884,-8,-8,-8,-8,-8,-8,-8,1,,1,-8,8000,100,4.1
612,"Fourth Colombian",4,100,"Colombia",-8,"Liberals","Liberals",0,11,15,1884,8,26,1885,-8,-8,-8,-8,-8,-8,-8,1,,1,-8,300,700,4.1
613,"Peru's National Problem",5,135,"Peru",-8,"Indians","Indians",0,3,2,1885,5,25,1885,-8,-8,-8,-8,-8,-8,-8,1,,1,-8,200,2000,4.1
616,"First Yemen Rebellion",5,640,"Ottoman Empire",-8,"Zaidi Imam","Zaidi Imam",0,4,-9,1890,9,-9,1892,-8,-8,-8,-8,-8,-8,-8,6,,1,-8,-9,-9,4.1
617,"Second Chilean",4,155,"Chile",-8,"Congressists","Congressists",0,1,7,1891,8,29,1891,-8,-8,-8,-8,-8,-8,-8,1,,2,-8,1000,700,4.1
618,"Zaili-Jinden Revolt",5,710,"China",-8,"Zaili & Jindan Sects","Zaili & Jindan Sects",0,11,11,1891,12,27,1891,-8,-8,-8,-8,-8,-8,-8,7,,1,-8,500,10000,4.1
620,"Brazil Federalists",5,140,"Brazil",-8,"Rio Grande do Sul","Rio Grande do Sul",0,2,2,1893,8,31,1894,-8,-8,-8,-8,-8,-8,-8,1,,1,-8,1500,-9,4.1
621,"Brazil Naval",4,140,"Brazil",-8,"Naval Royalists","Naval Royalists",0,9,6,1893,4,16,1894,-8,-8,-8,-8,-8,-8,-8,1,,1,-8,1000,-9,4.1
623,"Tonghak Rebellion",4,740,"Japan",-8,-8,"Tonghak Society",1,10,24,1894,11,28,1894,-8,-8,-8,-8,-8,-8,-8,7,,1,-8,-9,-8,4.1
623,"Tonghak Rebellion",4,730,"Korea",-8,"Tonghak Society","Tonghak Society",1,2,29,1894,5,6,1894,9,14,1894,11,28,1894,-8,7,,1,-8,-9,-9,4.1
625,"Third Peru",4,135,"Peru",-8,"Liberals","Liberals",0,10,15,1894,3,19,1895,-8,-8,-8,-8,-8,-8,-8,1,,2,-8,-9,-9,4.1
626,"Fifth Colombian",4,100,"Colombia",-8,"Liberals","Liberals",0,1,22,1895,3,15,1895,-8,-8,-8,-8,-8,-8,-8,1,,1,-8,400,800,4.1
627,"Ecuador Liberals",4,130,"Ecuador",-8,"liberal caudillos","liberal caudillos",0,2,18,1895,9,22,1895,-8,-8,-8,-8,-8,-8,-8,1,,2,-8,900,100,4.1
628,"First Gansu Muslim",5,710,"China",-8,"Gansu Muslims","Gansu Muslims",0,4,-9,1895,4,-9,1896,-8,-8,-8,-8,-8,-8,-8,7,,1,-8,-9,-9,4.1
630,"Druze-Turkish",5,640,"Ottoman Empire",-8,"Druze","Druze",0,10,-9,1895,-9,-9,1896,-8,-8,-8,-8,-8,-8,-8,6,,1,-8,-9,-9,4.1
631,"Second Cretan",5,640,"Ottoman Empire",-8,"Cretan Muslims","Cretan Muslims",0,3,10,1896,2,14,1897,-8,-8,-8,-8,-8,-8,-8,2,,4,76,-9,-9,4.1
632,"Third Brazil-Canudos",5,140,"Brazil",-8,"Canudos","Brazil",0,10,1,1896,10,5,1897,-8,-8,-8,-8,-8,-8,-8,1,,1,-8,2200,3000,4.1
633,"Fourth Venezuelan",4,101,"Venezuela",-8,"Castro Led Rebels","Castro Led Rebels",0,5,24,1899,10,22,1899,-8,-8,-8,-8,-8,-8,-8,1,,2,-8,1200,900,4.1
635,"Second Yaqui War",5,70,"Mexico",-8,"Yaqui Indians","Yaqui Indians",0,7,21,1899,1,18,1900,-8,-8,-8,-8,-8,-8,-8,1,,1,-8,100,1500,4.1
636,"Sixth Colombian (War of the 1000 Days)",4,100,"Colombia",-8,"Liberals","Liberals",0,10,17,1899,11,21,1902,-8,-8,-8,-8,-8,-8,-8,1,,1,-8,47000,53000,4.1
638,"Fifth Venezuelan",4,101,"Venezuela",-8,"Matos Led Rebels","Matos Led Rebels",0,12,19,1901,7,19,1903,-8,-8,-8,-8,-8,-8,-8,1,,1,-8,1000,3000,4.1
640,"Ilinden",5,640,"Ottoman Empire",-8,"IMRO Rebels","IMRO Rebels",0,8,2,1903,11,2,1903,-8,-8,-8,-8,-8,-8,-8,2,,1,-8,5330,1000,4.1
641,"First Uruguay",4,165,"Uruguay",-8,"Blancos","Blancos",0,1,1,1904,9,1,1904,-8,-8,-8,-8,-8,-8,-8,1,,1,-8,-9,-9,4.1
642,"Second Yemen Rebellion",5,640,"Ottoman Empire",-8,"Imam Yahya's forces","Imam Yahya's forces",0,11,8,1904,1,10,1906,-8,-8,-8,-8,-8,-8,-8,6,,6,-8,30000,-9,4.1
643,"Bloody Sunday",4,365,"Russia",-8,"Workers/Peasants","Workers/Peasants",0,1,22,1905,1,1,1906,-8,-8,-8,-8,-8,-8,-8,2,,1,-8,1500,-9,4.1
645,"Romanian Peasant Revolt",4,360,"Romania",-8,"Peasants","Peasants",0,3,15,1907,4,30,1907,-8,-8,-8,-8,-8,-8,-8,2,,1,-8,2000,-9,4.1
646,"Overthrow of Abd el-Aziz",4,220,"France",-8,-8,"Mulai el-Hafid",1,8,7,1907,6,15,1908,-8,-8,-8,-8,-8,-8,-8,6,,2,-8,200,-8,4.1
646,"Overthrow of Abd el-Aziz",4,600,"Morocco",-8,"Mulai el-Hafid","Mulai el-Hafid",1,8,1,1907,9,1,1908,-8,-8,-8,-8,-8,-8,-8,6,,2,-8,400,800,4.1
647,"Iranian Constitution War",4,365,"Russia",-8,-8,"Constitutionalists",1,4,30,1909,7,17,1909,-8,-8,-8,-8,-8,-8,-8,6,,2,-8,100,-8,4.1
647,"Iranian Constitution War",4,630,"Iran",-8,"Constitutionalists","Constitutionalists",1,6,23,1908,7,17,1909,-8,-8,-8,-8,-8,-8,-8,6,,2,-8,-9,-9,4.1
648,"Young Turks Counter-coup",4,640,"Ottoman Empire",-8,"Anti-government troops","Anti-government troops",0,4,14,1909,4,28,1909,-8,-8,-8,-8,-8,-8,-8,6,,1,-8,-9,-9,4.1
650,"Second Albanian Revolt",5,640,"Ottoman Empire",-8,"Albania","Albania",0,3,-9,1910,10,16,1912,-8,-8,-8,-8,-8,-8,-8,2,,4,100,-9,-9,4.1
651,"Asir-Yemen Revolt",5,640,"Ottoman Empire",-8,"Yemen & Asir Imam Ibn Idris & Sayyid Muhammad","Yemen & Asir Imam Ibn Idris & Sayyid Muhammad",0,10,15,1910,10,9,1911,-8,-8,-8,-8,-8,-8,-8,6,,6,-8,7000,2000,4.1
652,"Third Mexican",4,70,"Mexico",-8,"Liberals & Radicals","Liberals & Radicals",0,11,20,1910,7,15,1914,-8,-8,-8,-8,-8,-8,-8,1,,2,-8,56250,37500,4.1
656,"Paraguay",4,150,"Paraguay",-8,"Radicals","Radicals",0,7,15,1911,5,11,1912,-8,-8,-8,-8,-8,-8,-8,1,,2,-8,4000,1000,4.1
657,"First Nationalist",4,710,"China",-8,"Nat. Rel. Alliance","Nat. Rel. Alliance",0,10,11,1911,12,31,1911,-8,-8,-8,-8,-8,-8,-8,7,,2,-8,800,200,4.1
658,"Cuban Black Uprising",5,40,"Cuba",-8,"Patri do Indepentente","Patri do Indepentente",0,5,20,1912,6,27,1912,-8,-8,-8,-8,-8,-8,-8,1,,1,-8,50,1000,4.1
670,"Ecuadorian Civil War",5,130,"Ecuador",-8,"Esmeraldas province","Esmeraldas province",0,-9,-9,1912,-9,-9,1914,-8,-8,-8,-8,-8,-8,-8,1,,1,-8,-9,-9,4.1
671,"Second Nationalist",4,710,"China",-8,"Republicans","Republicans",0,7,12,1913,9,1,1913,-8,-8,-8,-8,-8,-8,-8,7,,1,-8,-9,-9,4.1
672,"China Pai Ling (White Wolf)",5,710,"China",-8,"Pai-Lings","Pai-Lings",0,3,15,1914,9,15,1914,-8,-8,-8,-8,-8,-8,-8,7,,1,-8,-9,-9,4.1
673,"Fourth Mexican",4,2,"United States of America",-8,-8,"Conventionists",1,3,15,1915,2,5,1917,-8,-8,-8,-8,-8,-8,-8,1,,1,-8,15,-8,4.1
673,"Fourth Mexican",4,70,"Mexico",-8,"Conventionists","Conventionists",1,11,19,1914,7,28,1920,-8,-8,-8,-8,-8,-8,-8,1,,1,-8,18750,12500,4.1
675,"Southern China Revolt",5,710,"China",-8,"Yunnan Rebels","Yunnan Rebels",0,1,-9,1916,11,17,1918,-8,-8,-8,-8,-8,-8,-8,7,,1,-8,-9,-9,4.1
676,"Russia-Turkestan",5,365,"Russia",-8,"Kirghiz & Kazaks","Kirghiz & Kazables",0,7,4,1916,2,27,1917,-8,-8,-8,-8,-8,-8,-8,2,,1,-8,350,1000,4.1
677,"Russian Civil War",4,-8,-8,375,"Finland","Anti-Bolsheviks",1,4,15,1919,4,30,1919,-8,-8,-8,-8,-8,-8,-8,2,,1,-8,-8,50,4.1
677,"Russian Civil War",4,-8,-8,740,"Japan","Anti-Bolsheviks",1,8,3,1918,10,15,1920,-8,-8,-8,-8,-8,-8,-8,2,,1,-8,-8,1500,4.1
677,"Russian Civil War",4,365,"USSR",-8,"Anti-Bolsheviks","Anti-Bolsheviks",1,12,9,1917,3,18,1921,-8,-8,-8,-8,-8,-8,-8,2,,1,-8,475000,325000,4.1
677,"Russian Civil War",4,-8,-8,200,"United Kingdom","Anti-Bolsheviks",1,6,23,1918,3,15,1920,-8,-8,-8,-8,-8,-8,-8,2,,1,-8,-8,350,4.1
677,"Russian Civil War",4,-8,-8,2,"United States of America","Anti-Bolsheviks",1,7,1,1918,4,20,1920,-8,-8,-8,-8,-8,-8,-8,2,,1,-8,-8,275,4.1
677,"Russian Civil War",4,-8,-8,220,"France","Anti-Bolsheviks",1,6,23,1918,9,30,1919,-8,-8,-8,-8,-8,-8,-8,2,,1,-8,-8,50,4.1
680,"Finnish Civil War",4,255,"Germany",-8,-8,"Anti-Bolsheviks",1,4,3,1918,5,16,1918,-8,-8,-8,-8,-8,-8,-8,2,,1,-8,950,-8,4.1
680,"Finnish Civil War",4,-8,-8,365,"USSR","Anti-Bolsheviks",1,1,28,1918,5,16,1918,-8,-8,-8,-8,-8,-8,-8,2,,1,-8,-8,400,4.1
680,"Finnish Civil War",4,375,"Finland",-8,"Red Guard","Red Guard",1,1,28,1918,4,30,1918,-8,-8,-8,-8,-8,-8,-8,2,,1,-8,5300,8500,4.1
681,"Western Ukrainian",6,-8,"Ukraine Poles",-8,"Ukrainians","Ukraine Poles",0,11,1,1918,2,13,1919,-8,-8,-8,-8,-8,-8,-8,2,,4,109,-9,-9,4.1
682,"Sparticist Rising",7,-8,"Socialists",-8,"German Freikorps","Socialists",0,1,6,1919,5,1919,,-8,-8,-8,-8,-8,-8,-8,2,,2,-8,"2,100",70,4.1
683,"Hungary's Red Terror",4,310,"Hungary",-8,"Anti-Communists","Anti-Communists",0,3,25,1919,2,15,1920,-8,-8,-8,-8,-8,-8,-8,2,,2,-8,1000,500,4.1
685,"First Chinese Warlord",7,-8,"Anhui army",-8,"Chihli & Fengtien","Chihli & Fengtien",0,7,14,1920,7,19,1920,-8,-8,-8,-8,-8,-8,-8,7,,2,-8,-9,-9,4.1
686,"Green Rebellion",5,365,"USSR",-8,"Peasants in Ta","Peasants in Ta",0,8,-9,1920,8,-9,1921,-8,-8,-8,-8,-8,-8,-8,2,,1,-8,1700,5000,4.1
687,"Gilan Marxists",4,-8,-8,365,"USSR","SSRI",1,8,10,1920,11,11,1921,-8,-8,-8,-8,-8,-8,-8,6,,1,-8,-8,-9,4.1
687,"Gilan Marxists",4,630,"Iran",-8,"SSRI","SSRI",1,8,10,1920,11,11,1921,-8,-8,-8,-8,-8,-8,-8,6,,1,-8,-9,-9,4.1
688,"Italian Fascist",7,-8,"Blackshirts",-8,"Leftists","Blackshirts",0,10,-9,1920,10,1,1922,-8,-8,-8,-8,-8,-8,-8,2,,1,-8,300,3000,4.1
690,"Kronstadt Rebellion",5,365,"USSR",-8,"Sailors","Sailors",0,3,7,1921,3,18,1921,-8,-8,-8,-8,-8,-8,-8,2,,1,-8,2000,600,4.1
691,"Bashmachi in Turkestan",5,365,"USSR",-8,"Basmachi/Enver Pasha","Basmachi/Enver Pasha",0,11,10,1921,7,-9,1923,-8,-8,-8,-8,-8,-8,-8,2,,1,-8,1000,2500,4.1
692,"Second Chinese Warlord",7,-8,"Chihli army",-8,"Fengtien army","Fengtien army",0,4,8,1922,5,5,1922,-8,-8,-8,-8,-8,-8,-8,7,,1,-8,-9,-9,4.1
693,"Agrarian Rising",4,355,"Bulgaria",-8,"Agrarian League","Agrarian League",0,9,23,1923,9,28,1923,-8,-8,-8,-8,-8,-8,-8,2,,1,-8,-9,-9,4.1
695,"De La Huerta Rebellion",4,70,"Mexico",-8,"Huerta Led Rebels","Huerta Led Rebels",0,12,4,1923,2,-9,1924,-8,-8,-8,-8,-8,-8,-8,1,,1,-8,-9,-9,4.1
696,"Honduran Conservative",4,91,"Honduras",-8,"Conservatives","Conservatives",0,2,9,1924,3,31,1924,-8,-8,-8,-8,-8,-8,-8,1,,2,-8,-9,-9,4.1
697,"First Afghan Anti-Reform",4,700,"Afghanistan",-8,"Khost rebels (anti-reformists)","Khost rebels (anti-reformists)",0,3,15,1924,1,15,1925,-8,-8,-8,-8,-8,-8,-8,7,,1,-8,-9,-9,4.1
698,"Third Chinese Warlord",6,-8,"Feng Yu-Lxiang army",-8,"Chang Tso-lin army","Chang Tso-lin army",0,10,15,1925,4,20,1926,-8,-8,-8,-8,-8,-8,-8,7,,2,-8,-9,-9,4.1
700,"Chinese Northern Expedition",4,710,"China",-8,"Guomindang","Guomindang",1,7,1,1926,6,30,1928,-8,-8,-8,-8,-8,-8,-8,7,,2,-8,78000,48000,4.1
700,"Chinese Northern Expedition",4,-8,-8,740,"Japan","Guomindang",1,6,1,1927,6,1,1928,-8,-8,-8,-8,-8,-8,-8,7,,2,-8,-8,500,4.1
701,"Cristeros Revolt",4,70,"Mexico",-8,"Cristeros","Cristeros",0,8,31,1926,6,21,1929,-8,-8,-8,-8,-8,-8,-8,1,,3,-8,6000,4000,4.1
702,"Ethiopian Northern Resistance",5,530,"Ethiopia",-8,"Northern Resistance","Northern Resistance",0,8,-9,1928,4,-9,1930,-8,-8,-8,-8,-8,-8,-8,6,,1,-8,-9,-9,4.1
703,"Second Gansu Muslim",5,710,"China",-8,"Gansu Muslims","Gansu Muslims",0,-9,-9,1928,-9,-9,1930,-8,-8,-8,-8,-8,-8,-8,7,,1,-8,-9,-9,4.1
705,"Second Afghan Anti-Reform",4,700,"Afghanistan",-8,"Habibullah (anti-reformists)","Habibullah (anti-reformists)",0,11,10,1928,10,15,1929,-8,-8,-8,-8,-8,-8,-8,7,,1,-8,7500,7500,4.1
706,"Intra-Guomindang",4,710,"China",-8,"War Lords","War Lords",0,3,1,1929,11,4,1930,-8,-8,-8,-8,-8,-8,-8,7,,1,-8,-9,-9,4.1
707,"Escobar Rebellion",4,70,"Mexico",-8,"Escobar Led Rebels","Escoban Led Rebels",0,3,3,1929,5,4,1929,-8,-8,-8,-8,-8,-8,-8,1,,1,-8,400,1600,4.1
708,"Ikhwan Revolt",4,670,"Saudi Arabia",-8,"Ikhwan","Ikhwan",0,3,30,1929,1,10,1930,-8,-8,-8,-8,-8,-8,-8,6,,1,-8,500,5000,4.1
710,"Chinese Civil War, Phase 1",4,710,"China",-8,"Communists","Communists",0,11,15,1930,12,31,1936,-8,-8,-8,-8,-8,-8,-8,7,,6,-8,200000,300000,4.1
711,"Xinjiang Muslim Revolt",5,365,"USSR",-8,-8,"Central Asian Rebels",1,1,-9,1934,8,-9,1934,-8,-8,-8,-8,-8,-8,-8,7,,1,-8,1000,-8,4.1
711,"Xinjiang Muslim Revolt",5,710,"China",-8,"Central Asian Rebels","Central Asian Rebels",1,2,-9,1931,7,7,1934,-8,-8,-8,-8,-8,-8,-8,7,,1,-8,10000,10000,4.1
712,"Matanza",4,92,"El Salvador",-8,"Leftists","Leftists",0,1,20,1932,1,29,1932,-8,-8,-8,-8,-8,-8,-8,1,,1,-8,100,2500,4.1
713,"Aprista Revolt",4,135,"Peru",-8,"Aprista Rebels","Aprista Rebels",0,5,7,1932,7,17,1932,-8,-8,-8,-8,-8,-8,-8,1,,1,-8,100,1000,4.1
715,"Paulista Rebellion",4,140,"Brazil",-8,"Paolistas","Paolistas",0,6,9,1932,8,31,1932,-8,-8,-8,-8,-8,-8,-8,1,,1,-8,-9,-9,4.1
716,"Fukien Revolt",4,710,"China",-8,"19th Route Army","19th Route Army",0,1,5,1934,1,15,1934,-8,-8,-8,-8,-8,-8,-8,7,,1,-8,-9,-9,4.1
717,"Spanish Miners",5,230,"Spain",-8,"Asturian Miners","Asturian Miners",0,10,4,1934,10,8,1934,-8,-8,-8,-8,-8,-8,-8,2,,1,-8,284,1051,4.1
718,"Spanish Civil War",4,230,"Spain",-8,"Falange","Falange",1,7,18,1936,3,29,1939,-8,-8,-8,-8,-8,-8,-8,2,,2,-8,286000,174000,4.1
718,"Spanish Civil War",4,-8,-8,235,"Portugal","Falange",1,8,1,1936,3,29,1939,-8,-8,-8,-8,-8,-8,-8,2,,2,-8,-8,2000,4.1
718,"Spanish Civil War",4,-8,-8,255,"Germany","Falange",1,8,27,1936,3,29,1939,-8,-8,-8,-8,-8,-8,-8,2,,2,-8,-8,300,4.1
718,"Spanish Civil War",4,-8,-8,325,"Italy","Falange",1,7,30,1936,3,29,1939,-8,-8,-8,-8,-8,-8,-8,2,,2,-8,-8,4000,4.1
720,"Greek Civil War",4,200,"United Kingdom",-8,-8,"Communists",1,12,5,1944,1,11,1945,-8,-8,-8,-8,-8,-8,-8,2,,1,-8,237,-8,4.1
720,"Greek Civil War",4,350,"Greece",-8,"Communists","Communists",1,12,3,1944,2,12,1945,2,12,1946,10,16,1949,-8,2,,1,-8,17970,50000,4.1
721,"Polish Ukrainians",5,290,"Poland",-8,"UPA","UPA",1,5,8,1945,11,18,1947,-8,-8,-8,-8,-8,-8,-8,2,,1,-8,11000,8700,4.1
721,"Polish Ukrainians",5,365,"USSR",-8,-8,"UPA",1,5,8,1945,11,18,1947,-8,-8,-8,-8,-8,-8,-8,2,,1,-8,5000,-8,4.1
722,"Ukrainian Partisans",5,365,"USSR",-8,"UPA","UPA",0,5,8,1945,12,31,1947,-8,-8,-8,-8,-8,-8,-8,2,,1,-8,35000,-9,4.1
723,"Forest Brethren",5,365,"USSR",-8,"Baltic Guerillas","Baltic Guerillas",0,5,8,1945,12,31,1951,-8,-8,-8,-8,-8,-8,-8,2,,1,-8,14700,17700,4.1
725,"Chinese Civil War, Phase 2",4,710,"China",-8,"Communists","Communists",0,3,15,1946,4,21,1950,-8,-8,-8,-8,-8,-8,-8,7,,2,-8,327600,872400,4.1
726,"Taiwan Revolt",5,710,"China",-8,"Taiwanese","Taiwanese",0,2,28,1947,3,21,1947,-8,-8,-8,-8,-8,-8,-8,7,,1,-8,250,1000,4.1
727,"Paraguay",4,150,"Paraguay",-8,"Leftists","Leftists",0,3,7,1947,8,20,1947,-8,-8,-8,-8,-8,-8,-8,1,,1,-8,-9,-9,4.1
728,"Yemeni Imamate",4,678,"Yemen Arab Republic",-8,"Anti-Imam Coalition","Anti-Imam Coalition",0,2,17,1948,3,20,1948,-8,-8,-8,-8,-8,-8,-8,6,,1,-8,-9,-9,4.1
730,"Costa Rica",4,94,"Costa Rica",-8,"National Union Party","National Union Party",0,3,12,1948,4,17,1948,-8,-8,-8,-8,-8,-8,-8,1,,2,-8,1500,500,4.1
731,"Seventh Colombian ""La Violencia""",4,100,"Colombia",-8,"Liberals","Liberals",0,4,9,1948,8,7,1958,-8,-8,-8,-8,-8,-8,-8,1,,1,-8,9800,20000,4.1
732,"First Burmese",5,775,"Burma",-8,"Karens & Communists","Karens & Communists",0,8,15,1948,7,31,1951,-8,-8,-8,-8,-8,-8,-8,7,,1,-8,-9,-9,4.1
733,"South Moluccas",5,850,"Indonesia",-8,"Moluccans","Moluccans",0,5,31,1950,11,3,1950,-8,-8,-8,-8,-8,-8,-8,7,,1,-8,-9,-9,4.1
735,"Hukbalahap Rebellion",4,840,"Philippines",-8,"Huks","Huks",0,9,1,1950,5,-9,1954,-8,-8,-8,-8,-8,-8,-8,7,,1,-8,1600,9700,4.1
737,"Bolivia",4,145,"Bolivia",-8,"Leftists","Leftists",0,4,8,1952,4,11,1952,-8,-8,-8,-8,-8,-8,-8,1,,2,-8,-9,-9,4.1
738,"Indonesia Darul Islam",4,850,"Indonesia",-8,"Darul Islam","Darul Islam",0,9,20,1953,11,23,1953,-8,-8,-8,-8,-8,-8,-8,7,,1,-8,1700,1000,4.1
740,"Argentine Military",4,160,"Argentina",-8,"Military","Military",0,6,15,1955,9,19,1955,-8,-8,-8,-8,-8,-8,-8,1,,2,-8,-9,-9,4.1
741,"Tibetan Khamba Rebellion",5,710,"China",-8,"Khamba Tibetans","Khamba Tibetans",0,3,1,1956,4,14,1959,-8,-8,-8,-8,-8,-8,-8,7,,1,-8,4000,12000,4.1
742,"Indonesian Leftists",4,850,"Indonesia",-8,"Leftists","Leftists",0,12,15,1956,6,4,1962,-8,-8,-8,-8,-8,-8,-8,7,,1,-8,3700,23500,4.1
743,"First Lebanese",4,2,"United States of America",-8,-8,"Leftists",1,7,16,1958,9,15,1958,-8,-8,-8,-8,-8,-8,-8,6,,1,-8,1,-8,4.1
743,"First Lebanese",4,660,"Lebanon",-8,"National Front","Leftists",1,5,9,1958,9,15,1958,-8,-8,-8,-8,-8,-8,-8,6,,1,-8,-9,-9,4.1
745,"Cuban Revolution",4,40,"Cuba",-8,"Castroites","Castroites",0,5,24,1958,1,2,1959,-8,-8,-8,-8,-8,-8,-8,1,,2,-8,2000,1000,4.1
746,"Second Burmese",4,775,"Burma",-8,"Karens & Communists","Karens & Communists",0,11,-9,1958,4,-9,1960,-8,-8,-8,-8,-8,-8,-8,7,,7,-8,850,2300,4.1
747,"Iraq-Shammar",4,645,"Iraq",-8,"Shammar Tribe & Pro-WesternOfficers","Shammar Tribe & Pro-WesternOfficers",0,3,6,1959,3,10,1959,-8,-8,-8,-8,-8,-8,-8,6,,1,-8,-9,-9,4.1
748,"Vietnam Phase 1",4,2,"United States of America",-8,-8,"NLF",1,1,1,1961,2,6,1965,-8,-8,-8,-8,-8,-8,-8,7,,4,163,506,-8,4.1
748,"Vietnam Phase 1",4,817,"Republic of Vietnam",-8,"NLF","NLF",1,1,1,1960,2,6,1965,-8,-8,-8,-8,-8,-8,-8,7,,4,163,23300,76900,4.1
750,"First DRC (Zaire)",5,-8,-8,211,"Belgium","Katanga & Leftists",1,7,11,1960,9,14,1960,-8,-8,-8,-8,-8,-8,-8,4,,1,-8,-8,50,4.1
750,"First DRC (Zaire)",5,490,"Democratic Republic of the Congo",-8,"Katanga & Leftists","Katanga & Leftists",1,7,4,1960,1,14,1963,-8,-8,-8,-8,-8,-8,-8,4,,1,-8,-9,-9,4.1
751,"First Laotian",4,-8,-8,816,"Vietnam","Pathet Lao",1,5,1,1961,6,15,1962,-8,-8,-8,-8,-8,-8,-8,7,,3,-8,-8,-9,4.1
751,"First Laotian",4,812,"Laos",-8,"Pathet Lao","Pathet Lao",1,10,15,1960,7,15,1962,-8,-8,-8,-8,-8,-8,-8,7,,3,-8,4000,1000,4.1
752,"First Iraqi Kurd",5,645,"Iraq",-8,"Kurds","Kurds",0,9,11,1961,11,22,1963,-8,-8,-8,-8,-8,-8,-8,6,,6,-8,500,2000,4.1
753,"Algerian Revolutionaries",4,615,"Algeria",-8,"ALN","ALN",0,7,28,1962,1,15,1963,-8,-8,-8,-8,-8,-8,-8,6,,2,-8,800,700,4.1
755,"North Yemen",4,651,"Egypt/United Arab Republic",-8,-8,"Royalists",1,12,15,1962,10,16,1967,-8,-8,-8,-8,-8,-8,-8,6,,1,-8,10000,-8,4.1
755,"North Yemen",4,678,"Yemen Arab Republic",-8,"Royalists","Royalists",1,11,15,1962,9,3,1969,-8,-8,-8,-8,-8,-8,-8,6,,1,-8,-9,-9,4.1
756,"Second Laotian Phase 1",4,2,"United States of America",-8,-8,"Pathet Lao",1,5,19,1964,1,12,1968,-8,-8,-8,-8,-8,-8,-8,7,,4,170,200,-8,4.1
756,"Second Laotian Phase 1",4,812,"Laos",-8,"Pathet Lao","Pathet Lao",1,3,19,1963,1,12,1968,-8,-8,-8,-8,-8,-8,-8,7,,4,170,11250,7250,4.1
756,"Second Laotian Phase 1",4,-8,-8,816,"Vietnam","Pathet Lao",1,3,19,1963,1,12,1968,-8,-8,-8,-8,-8,-8,-8,7,,4,170,-8,2250,4.1
757,"First Ogaden",5,-8,-8,520,"Somalia","Ogaden",1,11,-9,1963,3,30,1964,-8,-8,-8,-8,-8,-8,-8,4,,1,-8,-8,-9,4.1
757,"First Ogaden",5,530,"Ethiopia",-8,"Ogaden","Ogaden",1,6,-9,1963,3,30,1964,-8,-8,-8,-8,-8,-8,-8,4,,1,-8,-9,-9,4.1
758,"First South Sudan",5,625,"Sudan",-8,"Anya Nya","Anya Nya",0,10,1,1963,2,28,1972,-8,-8,-8,-8,-8,-8,-8,6,,3,-8,-9,-9,4.1
760,"Second DRC (Jeunesse)",5,490,"Democratic Republic of the Congo",-8,"Juenesse warriors","Juenesse warriors",0,10,-9,1963,1,1,1965,-8,-8,-8,-8,-8,-8,-8,4,,1,-8,-9,-9,4.1
761,"First Rwanda",4,517,"Rwanda",-8,"Watusi","Watusi",0,11,15,1963,2,6,1964,-8,-8,-8,-8,-8,-8,-8,4,,1,-8,100,900,4.1
762,"Third DRC (Simba) Rebellion",4,211,"Belgium",-8,-8,"Gbenye followers",1,11,24,1964,9,14,1965,-8,-8,-8,-8,-8,-8,-8,4,,1,-8,4,-8,4.1
762,"Third DRC (Simba) Rebellion",4,490,"Democratic Republic of the Congo",-8,"Gbenye followers","Gbenye followers",1,1,1,1964,9,14,1965,-8,-8,-8,-8,-8,-8,-8,4,,1,-8,250,4000,4.1
763,"Zanzibar Arab-African",4,511,"Zanzibar",-8,"Africans","Africans",0,1,12,1964,1,15,1964,-8,-8,-8,-8,-8,-8,-8,4,,2,-8,-9,-9,4.1
765,"Second Iraqi Kurds",5,645,"Iraq",-8,"Kurds","Iraq",0,4,3,1965,6,21,1966,-8,-8,-8,-8,-8,-8,-8,6,,3,-8,500,2500,4.1
766,"Dominican Republic",4,2,"United States of America",-8,-8,"Leftists",1,4,29,1965,9,6,1965,-8,-8,-8,-8,-8,-8,-8,1,,7,-8,27,-8,4.1
766,"Dominican Republic",4,42,"Dominican Republic",-8,"Leftists","Leftists",1,4,25,1965,9,6,1965,-8,-8,-8,-8,-8,-8,-8,1,,7,-8,2500,-9,4.1
767,"First West Papua",5,850,"Indonesia",-8,"OPM, West Papua","OPM, West Papua",0,7,26,1965,7,17,1969,-8,-8,-8,-8,-8,-8,-8,7,,6,-8,-9,-9,4.1
768,"First Uganda",5,500,"Uganda",-8,"Buganda Tribe","Buganda Tribe",0,5,23,1966,6,1,1966,-8,-8,-8,-8,-8,-8,-8,4,,1,-8,-9,-9,4.1
770,"First Guatemala",4,2,"United States of America",-8,-8,"Leftists",1,10,-9,1966,8,-9,1968,-8,-8,-8,-8,-8,-8,-8,1,,1,-8,28,-8,4.1
770,"First Guatemala",4,90,"Guatemala",-8,"Leftists","Leftists",1,10,-9,1966,8,-9,1968,-8,-8,-8,-8,-8,-8,-8,1,,1,-8,200,800,4.1
771,"First Chad (FROLINAT) Rebellion",5,220,"France",-8,-8,"Frolinat Rebels",1,8,-9,1968,6,16,1971,-8,-8,-8,-8,-8,-8,-8,4,,1,-8,50,-8,4.1
771,"First Chad (FROLINAT) Rebellion",5,483,"Chad",-8,"Frolinat Rebels","Frolinat Rebels",1,11,-9,1966,6,16,1971,-8,-8,-8,-8,-8,-8,-8,4,,1,-8,500,3000,4.1
772,"Cultural Revolution Phase 1",6,-8,"Red Guard",-8,"Regional military","Regional military",0,1,9,1967,9,4,1967,-8,-8,-8,-8,-8,-8,-8,7,,4,776,-9,-9,4.1
773,"Third Burmese",5,775,"Burma",-8,"Karens & Communists","Karens",0,6,-9,1967,10,22,1980,-8,-8,-8,-8,-8,-8,-8,7,,7,-8,6800,22400,4.1
775,"Biafra",5,475,"Nigeria",-8,"Biafrans","Nigeria",0,7,6,1967,1,12,1970,-8,-8,-8,-8,-8,-8,-8,4,,1,-8,-9,-9,4.1
776,"Cultural Revolution Phase 2",4,710,"China",-8,"Red Guard","Red Guard",0,9,5,1967,9,1,1968,-8,-8,-8,-8,-8,-8,772,7,,1,-8,-9,-9,4.1
777,"Third Iraqi Kurds",5,645,"Iraq",-8,"Kurds","Iraq",0,1,3,1969,3,11,1970,-8,-8,-8,-8,-8,-8,-8,6,,3,-8,800,3200,4.1
778,"Naxalite Rebellion",5,750,"India",-8,"Naxalite Marxists","Naxalite Marxists",0,2,-9,1970,11,-9,1971,-8,-8,-8,-8,-8,-8,-8,7,,1,-8,100,2000,4.1
780,"Black September",4,-8,-8,652,"Syria","Jordan",1,9,20,1970,9,23,1970,-8,-8,-8,-8,-8,-8,-8,6,,1,-8,-8,100,4.1
780,"Black September",4,663,"Jordan",-8,"Palestinians","Jordan",1,9,13,1970,9,24,1970,-8,-8,-8,-8,-8,-8,-8,6,,1,-8,750,2690,4.1
781,"Second Guatemala",4,90,"Guatemala",-8,"Leftists","Guatemala",0,11,15,1970,9,15,1971,-8,-8,-8,-8,-8,-8,-8,1,,1,-8,50,950,4.1
782,"Pakistan-Bengal",5,770,"Pakistan",-8,"Bengalis","Pakistan",0,3,25,1971,12,2,1971,-8,-8,-8,-8,-8,-8,-8,7,,4,178,2500,-9,4.1
783,"First Sri Lanka-JVP",4,780,"Sri Lanka",-8,"Janatha Vimukthi- JVP","Janatha Vimukthi- JVP",0,4,6,1971,5,16,1971,-8,-8,-8,-8,-8,-8,-8,7,,1,-8,53,4000,4.1
785,"Khmer Rouge",4,2,"United States of America",-8,-8,"Khmer Rouge",1,7,3,1971,8,15,1973,-8,-8,-8,-8,-8,-8,176,7,,2,-8,375,-8,4.1
785,"Khmer Rouge",4,811,"Cambodia",-8,"Khmer Rouge","Khmer Rouge",1,7,3,1971,4,17,1975,-8,-8,-8,-8,-8,-8,176,7,,2,-8,45000,40000,4.1
786,"First Philippine-Moro",5,840,"Philippines",-8,"MNLF Moros","MNLF Moros",0,1,1,1972,4,19,1981,-8,-8,-8,-8,-8,-8,-8,7,,1,-8,10000,20000,4.1
787,"Communist Insurgency",4,800,"Thailand",-8,"Communists","Communists",0,1,-9,1972,10,15,1973,-8,-8,-8,-8,-8,-8,-8,7,,6,-8,1500,700,4.1
788,"Eritrean Split",7,-8,"ELF",-8,"EPLF","ELF",0,2,-9,1972,-9,-9,1974,-8,-8,-8,-8,-8,-8,-8,4,,6,-8,-9,-9,4.1
789,"First Burundi",4,516,"Burundi",-8,"Hutu","Hutu",0,4,29,1972,5,25,1972,-8,-8,-8,-8,-8,-8,-8,4,,1,-8,500,1500,4.1
790,"Philippines-NPA",4,840,"Philippines",-8,"NPA","NPA",0,10,1,1972,12,31,1992,-8,-8,-8,-8,-8,-8,-8,7,,6,-8,9000,22000,4.1
791,"Rhodesia",4,552,"Rhodesia",-8,"Patriotic Front","Patriotic Front",0,12,28,1972,12,28,1979,-8,-8,-8,-8,-8,-8,-8,4,,2,-8,1000,10000,4.1
792,"Baluchi Separatists",5,770,"Pakistan",-8,"Baluchi Rebels","Baluchi Rebels",0,1,23,1973,7,-9,1977,-8,-8,-8,-8,-8,-8,-8,7,,1,-8,3300,5300,4.1
793,"Chilean Coup of 1973",4,155,"Chile",-8,"Pinochet","Pinochet",0,9,11,1973,9,15,1973,-8,-8,-8,-8,-8,-8,-8,1,,2,-8,400,3000,4.1
795,"Dhofar Rebellion Phase 2",5,200,"United Kingdom",-8,-8,"Oman",1,10,-9,1973,12,11,1975,-8,-8,-8,-8,-8,-8,-8,6,,1,-8,35,-8,4.1
795,"Dhofar Rebellion Phase 2",5,630,"Iran",-8,-8,"Oman",1,10,-9,1973,12,11,1975,-8,-8,-8,-8,-8,-8,-8,6,,1,-8,100,-8,4.1
795,"Dhofar Rebellion Phase 2",5,698,"Oman",-8,"PFLOAG","Oman",1,10,-9,1973,12,11,1975,-8,-8,-8,-8,-8,-8,-8,6,,1,-8,370,2500,4.1
797,"Fourth Iraqi Kurds",5,-8,-8,630,"Iran","Iraq",1,3,18,1974,3,6,1975,-8,-8,-8,-8,-8,-8,-8,6,,1,-8,-8,-9,4.1
797,"Fourth Iraqi Kurds",5,645,"Iraq",-8,"Kurds","Iraq",1,3,18,1974,4,3,1975,-8,-8,-8,-8,-8,-8,-8,6,,1,-8,7000,13000,4.1
798,"Eritrean War",5,40,"Cuba",-8,-8,"Eritrean Peo. Lib.",1,12,5,1976,12,-9,1978,-8,-8,-8,-8,-8,-8,-8,4,,1,-8,-9,-8,4.1
798,"Eritrean War",5,530,"Ethiopia",-8,"Eritrean Peo. Lib.","Eritrean Peo. Lib.",1,1,31,1975,12,-9,1978,-8,-8,-8,-8,-8,-8,-8,4,,1,-8,6100,6400,4.1
800,"Argentine Leftists",4,160,"Argentina",-8,"Montoneros, ERP","Montoneros, ERP",0,2,-9,1975,3,-9,1977,-8,-8,-8,-8,-8,-8,-8,1,,1,-8,250,2600,4.1
801,"Second Lebanese",7,660,"Lebanon",-8,"Lebanese National Movement","Lebanese National Movement",1,4,13,1975,11,15,1976,-8,-8,-8,-8,-8,-8,-8,6,,3,-8,-9,-9,4.1
801,"Second Lebanese",7,652,"Syria",-8,-8,"Lebanese National Movement",1,5,31,1976,11,15,1976,-8,-8,-8,-8,-8,-8,-8,6,,3,-8,500,-8,4.1
802,"Second West Papua",5,850,"Indonesia",-8,"OPR, West Papua","OPR, West Papua",0,1,1,1976,4,14,1978,-8,-8,-8,-8,-8,-8,-8,7,,6,-8,100,2000,4.1
803,"Third Laotian",5,812,"Laos",,"Hmong","Hmong",1,4,-9,1976,5,-9,1979,-8,-8,-8,-8,-8,-8,-8,7,,1,-8,1000,5000,4.1
803,"Third Laotian",5,816,"Vietnam",-8,-8,"Hmong",1,1,-9,1976,5,-9,1979,-8,-8,-8,-8,-8,-8,-8,7,,1,-8,1000,-8,4.1
804,"Angolan Control",4,40,"Cuba",-8,-8,"UNITA",1,2,13,1976,5,15,1991,-8,-8,-8,-8,-8,-8,186,4,,3,-8,5500,-8,4.1
804,"Angolan Control",4,540,"Angola",-8,"UNITA","UNITA",1,2,13,1976,5,15,1991,-8,-8,-8,-8,-8,-8,186,4,,3,-8,-9,-9,4.1
804,"Angolan Control",4,-8,-8,560,"South Africa","UNITA",1,2,13,1976,6,-9,1989,-8,-8,-8,-8,-8,-8,186,4,,3,-8,-8,800,4.1
805,"Second Ogaden Phase 1",5,40,"Cuba",-8,-8,"WSLF",1,7,1,1976,7,22,1977,-8,-8,-8,-8,-8,-8,-8,4,,4,187,1500,-8,4.1
805,"Second Ogaden Phase 1",5,-8,-8,520,"Somalia","WSLF",1,7,1,1976,7,22,1977,-8,-8,-8,-8,-8,-8,-8,4,,4,187,-8,1900,4.1
805,"Second Ogaden Phase 1",5,530,"Ethiopia",-8,"WSLF","WSLF",1,7,1,1976,7,22,1977,-8,-8,-8,-8,-8,-8,-8,4,,4,187,9000,20000,4.1
806,"East Timorese War Phase 3",5,850,"Indonesia",-8,"Fretilin","Fretelin",0,7,18,1976,5,26,1979,-8,-8,-8,-8,-8,-8,472,7,,1,-8,1800,-9,4.1
807,"Third Lebanese",7,,"Lebanese Forces",-8,"PLO & Shiite militia","Syria & PLO",1,2,1,1978,10,4,1978,-8,-8,-8,-8,-8,-8,-8,6,,6,-8,1500,800,4.1
807,"Third Lebanese",7,-8,-8,652,"Syria","Syria & PLO",1,2,1,1978,10,4,1978,-8,-8,-8,-8,-8,-8,-8,6,,6,-8,-8,800,4.1
807,"Third Lebanese",7,666,"Israel",-8,-8,"Syria & PLO",1,3,14,1978,10,4,1978,-8,-8,-8,-8,-8,-8,-8,6,,6,-8,-9,-8,4.1
808,"Second Ogaden Phase 3",5,40,"Cuba",-8,-8,"Ogaden, WSLF",1,3,10,1978,12,3,1980,-8,-8,-8,-8,-8,-8,187,4,,1,-8,-9,-8,4.1
808,"Second Ogaden Phase 3",5,530,"Ethiopia",-8,"Ogaden, WSLF","Ogaden, WSLF",1,3,10,1978,12,3,1980,-8,-8,-8,-8,-8,-8,187,4,,1,-8,2000,20000,4.1
808,"Second Ogaden Phase 3",5,-8,-8,520,"Somalia","Ogaden, WSLF",1,11,22,1980,12,3,1980,-8,-8,-8,-8,-8,-8,187,4,,1,-8,-8,2000,4.1
809,"Third Guatemala",4,90,"Guatemala",-8,"The Democratic Front Against Repression (FDCR)","Guatemala",0,3,12,1978,4,13,1984,-8,-8,-8,-8,-8,-8,-8,1,,1,-8,1250,4750,4.1
810,"Saur Revolution",4,700,"Afghanistan",-8,"Leftist Military","Leftist Military",0,4,27,1978,4,28,1978,-8,-8,-8,-8,-8,-8,-8,7,,2,-8,1800,1200,4.1
811,"Fourth DRC (Shaba)",4,211,"Belgium",-8,-8,"FNLC",1,5,20,1978,6,6,1978,-8,-8,-8,-8,-8,-8,-8,4,,1,-8,-9,-8,4.1
811,"Fourth DRC (Shaba)",4,220,"France",-8,-8,"FNLC",1,5,18,1978,6,6,1978,-8,-8,-8,-8,-8,-8,-8,4,,1,-8,5,-8,4.1
811,"Fourth DRC (Shaba)",4,490,"Democratic Republic of the Congo",-8,"FNLC","FNLC",1,5,1,1978,6,6,1978,-8,-8,-8,-8,-8,-8,-8,4,,1,-8,100,900,4.1
812,"First Afghan Mujahideen Uprising",4,365,"Russia",-8,-8,"Mujahadin",1,3,15,1979,2,21,1980,-8,-8,-8,-8,-8,-8,-8,7,,4,476,2000,-8,4.1
812,"First Afghan Mujahideen Uprising",4,700,"Afghanistan",-8,"Mujahadin","Mujahadin",1,9,1,1978,2,21,1980,-8,-8,-8,-8,-8,-8,-8,7,,4,476,11800,21200,4.1
813,"Overthrow of the Shah",4,630,"Iran",-8,"Anti-Shah Coalition","Iran",0,9,3,1978,2,11,1979,-8,-8,-8,-8,-8,-8,-8,6,,2,-8,100,1000,4.1
815,"Sandinista Rebellion",4,93,"Nicaragua",-8,"Sandinistas","Sandinistas",0,9,9,1978,7,18,1979,-8,-8,-8,-8,-8,-8,-8,1,,2,-8,1000,3000,4.1
816,"Anti-Khomeini Coalition",4,630,"Iran",-8,"Anti-Khmoneini Coalition: Fedayeen Kalq & Kurds","Anti-Khmoneini Coalition: Fedayeen Kalq & Kurds",0,2,12,1979,3,-9,1984,-8,-8,-8,-8,-8,-8,-8,6,,1,-8,-9,-9,4.1
817,"El Salvador",4,92,"El Salvador",-8,"Salvadorean Democratic Front","Salvadorean Democratic Front",0,7,1,1979,2,1,1992,-8,-8,-8,-8,-8,-8,-8,1,,3,-8,-9,-9,4.1
818,"Mozambique",4,510,"Tanzania",-8,-8,"Renamo",1,-9,-9,1985,10,4,1992,-8,-8,-8,-8,-8,-8,-8,4,,1,-8,50,-8,4.1
818,"Mozambique",4,541,"Mozambique",-8,"Renamo","Renamo",1,10,21,1979,10,4,1992,-8,-8,-8,-8,-8,-8,-8,4,,1,-8,-9,-9,4.1
818,"Mozambique",4,552,"Zimbabwe",-8,-8,"Renamo",1,-9,-9,1982,10,4,1992,-8,-8,-8,-8,-8,-8,-8,4,,1,-8,500,-8,4.1
820,"Second Chad (Habre Revolt)",5,-8,-8,220,"France","FAN",1,8,9,1983,9,-9,1984,-8,-8,-8,-8,-8,-8,-8,4,,2,-8,-8,200,4.1
820,"Second Chad (Habre Revolt)",5,483,"Chad",-8,"FAN","FAN",1,3,22,1980,9,-9,1984,-8,-8,-8,-8,-8,-8,-8,4,,2,-8,3500,1500,4.1
820,"Second Chad (Habre Revolt)",5,620,"Libya",-8,-8,"FAN",1,12,-9,1980,10,-9,1981,6,-9,1983,9,-9,1984,-8,4,,2,-8,1000,-8,4.1
822,"Second Uganda",5,500,"Uganda",-8,"National Resistance Army","National Resistance Army",0,12,8,1980,3,19,1986,-8,-8,-8,-8,-8,-8,-8,4,,2,-8,40000,6000,4.1
823,"Nigeria-Muslim",5,475,"Nigeria",-8,"Muslim fundamentalists","Muslim fundamentalists",0,12,18,1980,1,1,1981,-8,-8,-8,-8,-8,-8,-8,4,,1,-8,50,1000,4.1
825,"Hama",4,652,"Syria",-8,"Muslim Brotherhood","Muslim Brotherhood",0,11,-9,1981,2,23,1982,-8,-8,-8,-8,-8,-8,-8,6,,1,-8,1000,2000,4.1
826,"Tigrean and Eritrean",5,530,"Ethiopia",-8,"Tigray & Eritrea","Tigray & Eritrea",0,1,23,1982,5,28,1991,-8,-8,-8,-8,-8,-8,-8,4,,2,-8,10000,65000,4.1
827,"Shining Path",4,135,"Peru",-8,"Shining Path & TARM","Shining Path & TARM",0,3,4,1982,9,12,1992,-8,-8,-8,-8,-8,-8,-8,1,,1,-8,4000,12000,4.1
828,"Contra War",4,93,"Nicaragua",-8,"Contras","Contras",0,3,18,1982,4,19,1990,-8,-8,-8,-8,-8,-8,-8,1,,6,-8,7000,25200,4.1
831,"Matabeleland",4,552,"Zimbabwe",-8,"ZAPU","Zimbabwe",0,1,-9,1983,12,27,1987,-8,-8,-8,-8,-8,-8,-8,4,,1,-8,-9,-9,4.1
832,"Fourth Burmese",5,775,"Burma",-8,"Karen & Kachin Rebels","Karen & Kachin Rebels",0,2,1,1983,1,-9,1988,-8,-8,-8,-8,-8,-8,-8,7,,1,-8,2800,1200,4.1
833,"Fourth Lebanese Civil",4,2,"United States of America",-8,-8,"Druze",1,4,18,1983,2,29,1984,-8,-8,-8,-8,-8,-8,-8,6,,2,-8,273,-8,4.1
833,"Fourth Lebanese Civil",4,220,"France",-8,-8,"Druze",1,4,18,1983,2,29,1984,-8,-8,-8,-8,-8,-8,-8,6,,2,-8,95,-8,4.1
833,"Fourth Lebanese Civil",4,660,"Lebanon",-8,"Shi'ites & Druze","Druze",1,4,18,1983,2,29,1984,-8,-8,-8,-8,-8,-8,-8,6,,2,-8,-9,-9,4.1
835,"First Sri Lanka Tamil",5,750,"India",-8,-8,"Tamils",1,7,25,1987,5,24,1990,-8,-8,-8,-8,-8,-8,-8,7,,3,-8,1155,-8,4.1
835,"First Sri Lanka Tamil",5,780,"Sri Lanka",-8,"Tamils","Tamils",1,7,25,1983,2,22,2002,-8,-8,-8,-8,-8,-8,-8,7,,3,-8,8500,17000,4.1
836,"Second South Sudan",4,625,"Sudan",-8,"SPLA-Garang faction","SPLA-Garang faction",0,11,17,1983,8,27,1991,4,15,1992,1,10,2005,-8,6,,3,-8,-9,-9,4.1
837,"Indian Golden Temple",5,750,"India",-8,"Sikhs","India",0,6,1,1984,7,30,1984,-8,-8,-8,-8,-8,-8,-8,7,,6,-8,-9,1200,4.1
838,"First Turkish Kurds",5,640,"Turkey",-8,"Kurds, PKK","Kurds, PKK",0,8,14,1984,3,-9,1986,-8,-8,-8,-8,-8,-8,-8,6,,7,-8,1500,9000,4.1
840,"Fifth Iraqi  Kurds",5,-8,-8,630,"Iran","Kurds",1,1,-9,1985,7,17,1988,-8,-8,-8,-8,-8,-8,-8,6,,1,-8,-8,-9,4.1
840,"Fifth Iraqi  Kurds",5,645,"Iraq",-8,"Kurds","Kurds",1,1,-9,1985,9,6,1988,-8,-8,-8,-8,-8,-8,-8,6,,1,-8,-9,-9,4.1
842,"South Yemen",4,680,"Yemen People's Republic",-8,"PDRY","PDRY",0,1,13,1986,1,29,1986,-8,-8,-8,-8,-8,-8,-8,6,,2,-8,4200,8800,4.1
843,"Holy Spirit Movement",4,500,"Uganda",-8,"HSMF","HSMF",0,8,-9,1986,10,-9,1987,-8,-8,-8,-8,-8,-8,-8,4,,1,-8,2000,5000,4.1
845,"Second Sri Lanka-JVP",4,780,"Sri Lanka",-8,"JVP","JVP",0,7,29,1987,12,29,1989,-8,-8,-8,-8,-8,-8,-8,7,,1,-8,-9,-9,4.1
846,"Inkatha-ANC",7,-8,"Inkatha",-8,"ANC","Inkatha",0,12,20,1987,4,26,1994,-8,-8,-8,-8,-8,-8,-8,4,,6,-8,-9,-9,4.1
847,"Fifth Burmese",4,775,"Burma",-8,"Pro-democracy","Pro-democracy",0,3,-9,1988,10,3,1988,-8,-8,-8,-8,-8,-8,-8,7,,1,-8,-9,-9,4.1
848,"First Somalia",4,520,"Somalia",-8,"USC","USC",0,5,26,1988,1,26,1991,-8,-8,-8,-8,-8,-8,-8,4,,2,-8,-9,-9,4.1
850,"Fifth Lebanese",4,-8,-8,652,"Syria","Lebanon",1,2,-9,1989,10,13,1990,-8,-8,-8,-8,-8,-8,-8,6,,2,-8,-8,150,4.1
850,"Fifth Lebanese",4,660,"Lebanon",-8,"militias","Lebanon",1,2,-9,1989,10,13,1990,-8,-8,-8,-8,-8,-8,-8,6,,2,-8,-9,2500,4.1
851,"Second Afghan Mujahideen Uprising",4,700,"Afghanistan",-8,"Mujahadin","Mujahadin",0,2,16,1989,10,6,2001,-8,-8,-8,-8,-8,-8,476,7,,4,225,-9,-9,4.1
852,"Third Chad (Deby Coup)",4,483,"Chad",-8,"Deby's MPS","Deby's MPS",0,3,-9,1989,12,4,1990,-8,-8,-8,-8,-8,-8,-8,4,,2,-8,3000,800,4.1
853,"First Aceh",5,850,"Indonesia",-8,"GAM","GAM",0,6,-9,1989,6,-9,1991,-8,-8,-8,-8,-8,-8,-8,7,,1,-8,-9,-9,4.1
854,"Bougainville Secession",5,910,"Papua New Guinea",-8,"BRA","Papua New Guinea",0,7,14,1989,9,-9,1992,-8,-8,-8,-8,-8,-8,-8,7,,7,-8,-9,-9,4.1
856,"Eighth Colombia",5,100,"Colombia",-8,"FARC & Drug Lords","FARC & Drug Lords",0,8,19,1989,-7,-7,-7,-8,-8,-8,-8,-8,-8,-8,1,,5,-8,10480,17681,4.1
857,"First Cambodian Civil War",4,811,"Cambodia",-8,"Khmer Rouge & KPNFL","Khmer Rouge & KPNFL",0,9,26,1989,10,23,1991,-8,-8,-8,-8,-8,-8,475,7,,3,-8,-9,-9,4.1
858,"Romania",4,360,"Romania",-8,"Anti-Ceaucescu Rebels","Anti-Ceaucescu Rebels",0,12,18,1989,12,26,1989,-8,-8,-8,-8,-8,-8,-8,2,,2,-8,300,700,4.1
860,"First Liberia",4,450,"Liberia",-8,"NPFL","NPFL",1,12,24,1989,11,28,1990,-8,-8,-8,-8,-8,-8,-8,4,,7,-8,-9,-9,4.1
860,"First Liberia",4,475,"Nigeria",-8,-8,"NPFL",1,11,-9,1990,11,28,1990,-8,-8,-8,-8,-8,-8,-8,4,,7,-8,0,-8,4.1
861,"Kashmir Insurgents",5,750,"India",-8,"Kashmiri Guerillas","Kashmiri Guerillas",0,9,19,1990,10,8,2005,-8,-8,-8,-8,-8,-8,-8,7,,7,-8,6000,21700,4.1
862,"Shiite and Kurdish",5,645,"Iraq",-8,"Shiites & Kurds","Shiites & Kurds",0,3,1,1991,3,31,1991,-8,-8,-8,-8,-8,-8,-8,6,,1,-8,-9,-9,4.1
863,"First Sierra Leone",4,451,"Sierra Leone",-8,"RUF","RUF",0,3,23,1991,4,23,1996,-8,-8,-8,-8,-8,-8,-8,4,,1,-8,-9,-9,4.1
864,"Croatian Independence",5,345,"Yugoslavia/Serbia",-8,"Croatia","Yugoslavia/Serbia",0,5,2,1991,1,2,1992,-8,-8,-8,-8,-8,-8,-8,2,,2,-8,-9,-9,4.1
865,"Second Turkish Kurds",5,640,"Turkey",-8,"Kurds, PKK","Kurds, PKK",0,7,10,1991,2,16,1999,-8,-8,-8,-8,-8,-8,-8,6,,6,-8,3500,13000,4.1
866,"The SPLA Division (Dinka-Nuer) War",7,-8,"Garang faction",-8,"Nuer faction","Nuer faction",0,8,28,1991,11,-9,1992,-8,-8,-8,-8,-8,-8,-8,4,,7,-8,-9,-9,4.1
868,"Jukun-Tiv War",7,-8,"Jukun",-8,"Tiv","Tiv",0,10,-9,1991,3,-9,1992,-8,-8,-8,-8,-8,-8,-8,4,,6,-8,-9,-9,4.1
870,"Second Somalia",4,475,"Nigeria",-8,-8,"Aideed Faction",1,12,13,1992,3,1,1995,-8,-8,-8,-8,-8,-8,-8,4,,3,-8,-9,-8,4.1
870,"Second Somalia",4,520,"Somalia",-8,"Aideed Faction","Aideed Faction",1,11,-9,1991,1,-9,1997,-8,-8,-8,-8,-8,-8,-8,4,,3,-8,-9,-9,4.1
870,"Second Somalia",4,770,"Pakistan",-8,-8,"Aideed Faction",1,12,13,1992,3,1,1995,-8,-8,-8,-8,-8,-8,-8,4,,3,-8,24,-8,4.1
870,"Second Somalia",4,900,"Australia",-8,-8,"Aideed Faction",1,12,13,1992,3,1,1995,-8,-8,-8,-8,-8,-8,-8,4,,3,-8,-9,-8,4.1
870,"Second Somalia",4,220,"France",-8,-8,"Aideed Faction",1,12,13,1992,3,1,1995,-8,-8,-8,-8,-8,-8,-8,4,,3,-8,2,-8,4.1
870,"Second Somalia",4,2,"United States of America",-8,-8,"Aideed Faction",1,12,13,1992,3,25,1994,-8,-8,-8,-8,-8,-8,-8,4,,3,-8,44,-8,4.1
870,"Second Somalia",4,325,"Italy",-8,-8,"Aideed Faction",1,12,13,1992,3,1,1995,-8,-8,-8,-8,-8,-8,-8,4,,3,-8,-9,-8,4.1
871,"Georgia",4,372,"Georgia",-8,"Reform","Reform",0,12,26,1991,3,-9,1992,-8,-8,-8,-8,-8,-8,-8,2,,2,-8,-9,-9,4.1
872,"Nagorno-Karabakh",5,-8,-8,371,"Armenia","Nagorno-Karabakh",1,12,26,1991,2,5,1993,-8,-8,-8,-8,-8,-8,-8,2,,4,216,-8,1000,4.1
872,"Nagorno-Karabakh",5,373,"Azerbaijan",-8,"Nagorno-Karabakh","Nagorno-Karabakh",1,12,26,1991,2,5,1993,-8,-8,-8,-8,-8,-8,-8,2,,4,216,7000,3000,4.1
873,"Dniestrian Independence",5,359,"Moldova",-8,"Dniestria","Dniestria",0,12,26,1991,7,2,1992,-8,-8,-8,-8,-8,-8,-8,2,,3,-8,-9,-9,4.1
875,"Algerian Islamic Front",4,615,"Algeria",-8,"Islamic Front","Algeria",0,2,7,1992,6,-9,1999,-8,-8,-8,-8,-8,-8,-8,6,,3,-8,-9,-9,4.1
876,"Tajikistan",4,365,"Russia",-8,-8,"United Tajik Opposition",1,3,-9,1993,6,27,1997,-8,-8,-8,-8,-8,-8,-8,7,,3,-8,-9,-8,4.1
876,"Tajikistan",4,702,"Tadzhikistan",-8,"United Tajik Opposition","United Tajik Opposition",1,5,1,1992,6,27,1997,-8,-8,-8,-8,-8,-8,-8,7,,3,-8,-9,-9,4.1
877,"Bosnian-Serb Rebellion",5,346,"Bosnia",-8,"Bosnian Serbs","Bosnian Serbs",1,6,6,1992,12,31,1994,3,20,1995,12,14,1995,215,2,,1,-8,27500,18543,4.1
877,"Bosnian-Serb Rebellion",5,2,"United States of America",-8,-8,"Bosnian Serbs",1,8,30,1995,9,20,1995,-8,-8,-8,-8,-8,-8,215,2,,1,-8,0,-8,4.1
877,"Bosnian-Serb Rebellion",5,-8,-8,344,"Croatia","Bosnian Serbs",1,2,23,1994,12,31,1994,3,20,1995,12,14,1995,215,2,,1,-8,-8,185,4.1
877,"Bosnian-Serb Rebellion",5,344,"Croatia",-8,-8,"Bosnian Serbs",1,10,19,1992,2,22,1994,-8,-8,-8,-8,-8,-8,215,2,,1,-8,-9,-8,4.1
878,"Second Liberia",4,450,"Liberia",-8,"NPFL & ULIMO","NPFL & ULIMO",1,10,15,1992,8,19,1995,-8,-8,-8,-8,-8,-8,-8,4,,3,-8,-9,-9,4.1
878,"Second Liberia",4,475,"Nigeria",-8,-8,"NPFL & ULIMO",1,10,15,1992,12,31,1992,-8,-8,-8,-8,-8,-8,-8,4,,3,-8,-9,-8,4.1
880,"Angolan War of the Cities",4,540,"Angola",-8,"UNITA","UNITA",0,10,28,1992,11,15,1994,-8,-8,-8,-8,-8,-8,-8,4,,3,-8,-9,-9,4.1
881,"Second Cambodia Civil",4,811,"Cambodia",-8,"Khmer Rouge","Khmer Rouge",0,1,29,1993,7,1,1997,-8,-8,-8,-8,-8,-8,-8,7,,1,-8,-9,-9,4.1
882,"Abkhazia Revolt",5,372,"Georgia",-8,"Abkhazia","Georgia",0,8,18,1993,4,14,1994,-8,-8,-8,-8,-8,-8,-8,2,,2,-8,5000,3000,4.1
883,"Second Burundi",4,516,"Burundi",-8,"Tutsi army","Tutsi army",0,10,21,1993,6,-9,1998,-8,-8,-8,-8,-8,-8,-8,4,,7,-8,-9,-9,4.1
885,"South Yemeni Secessionist",5,679,"Yemen",-8,"South Yemen","South Yemen",0,2,21,1994,7,7,1994,-8,-8,-8,-8,-8,-8,-8,6,,1,-8,-9,-9,4.1
886,"Second Rwanda",4,517,"Rwanda",-8,"Patriotic Front","Patriotic Front",0,4,6,1994,7,18,1994,-8,-8,-8,-8,-8,-8,-8,4,,2,-8,-9,-9,4.1
888,"First Chechnya",5,365,"Russia",-8,"Chechnya","Chechnya",0,12,11,1994,8,31,1996,-8,-8,-8,-8,-8,-8,-8,2,,2,-8,4000,6000,4.1
890,"Iraqi Kurd Internecine",7,-8,"PUK",-8,"KDP","KDP",0,12,20,1994,8,11,1995,-8,-8,-8,-8,-8,-8,-8,6,,6,-8,-9,-9,4.1
891,"Croatia-Krajina War",5,344,"Croatia",-8,"Krajinian Serba","Krajinian Serba",0,5,-9,1995,11,-9,1995,-8,-8,-8,-8,-8,-8,-8,2,,1,-8,-9,-9,4.1
892,"Third Liberia",4,450,"Liberia",-8,"NPFL","NPFL",0,4,5,1996,8,20,1996,-8,-8,-8,-8,-8,-8,-8,4,,3,-8,-9,-9,4.1
893,"Sixth Iraqi Kurds",5,645,"Iraq",-8,"PUK","PUK",0,8,31,1996,10,23,1996,-8,-8,-8,-8,-8,-8,-8,6,,6,-8,-9,-9,4.1
895,"Fifth DRC",4,-8,-8,500,"Uganda","ADFL",1,1,1,1997,1,30,1997,-8,-8,-8,-8,-8,-8,-8,4,,2,-8,-8,-9,4.1
895,"Fifth DRC",4,-8,-8,517,"Rwanda","ADFL",1,1,1,1997,5,17,1997,-8,-8,-8,-8,-8,-8,-8,4,,2,-8,-8,-9,4.1
895,"Fifth DRC",4,-8,-8,540,"Angola","ADFL",1,4,28,1997,5,17,1997,-8,-8,-8,-8,-8,-8,-8,4,,2,-8,-8,-9,4.1
895,"Fifth DRC",4,490,"Democratic Republic of the Congo",-8,"ADFL","ADFL",1,10,8,1996,5,17,1997,-8,-8,-8,-8,-8,-8,-8,4,,2,-8,-9,-9,4.1
896,"Third Rwanda",4,517,"Rwanda",-8,"Hutu rebels","Hutu rebels",0,3,17,1997,10,30,1998,-8,-8,-8,-8,-8,-8,-8,4,,1,-8,300,3000,4.1
897,"First Congo (Brazzaville)",4,-8,-8,540,"Angola","FDU (Cobra militia)",1,10,10,1997,10,15,1997,-8,-8,-8,-8,-8,-8,-8,4,,2,-8,-8,-9,4.1
897,"First Congo (Brazzaville)",4,484,"Congo",-8,"FDU (Cobra militia)","FDU (Cobra militia)",1,6,5,1997,10,15,1997,-8,-8,-8,-8,-8,-8,-8,4,,2,-8,-9,-9,4.1
898,"Second Sierra Leone",4,451,"Sierra Leone",-8,"Kabbah faction","Kabbah faction",1,2,6,1998,7,7,1999,5,11,2000,11,10,2000,-8,4,,2,-8,-9,-9,4.1
898,"Second Sierra Leone",4,-8,-8,452,"Ghana","Kabbah faction",1,2,6,1998,7,7,1999,5,11,2000,11,10,2000,-8,4,,2,-8,-8,-9,4.1
898,"Second Sierra Leone",4,-8,-8,475,"Nigeria","Kabbah faction",1,2,6,1998,7,7,1999,5,11,2000,11,10,2000,-8,4,,2,-8,-8,-9,4.1
898,"Second Sierra Leone",4,-8,-8,438,"Guinea","Kabbah faction",1,2,6,1998,7,7,1999,5,11,2000,11,10,2000,-8,4,,2,-8,-8,-9,4.1
898,"Second Sierra Leone",4,-8,-8,200,"United Kingdom","Kabbah faction",1,5,8,2000,11,10,2000,-8,-8,-8,-8,-8,-8,-8,4,,2,-8,-8,-9,4.1
900,"Kosovo Independence",5,345,"Yugoslavia",-8,"KLA","Yugoslavia",0,2,28,1998,3,23,1999,-8,-8,-8,-8,-8,-8,-8,2,,4,221,400,800,4.1
902,"Guinea-Bissau Military",4,438,"Guinea",-8,-8,"Man Junta",1,6,9,1998,11,1,1998,-8,-8,-8,-8,-8,-8,-8,4,,2,-8,-9,-8,4.1
902,"Guinea-Bissau Military",4,404,"Guinea-Bissau",-8,"Man Junta","Man Junta",1,6,7,1998,5,6,1999,-8,-8,-8,-8,-8,-8,-8,4,,2,-8,-9,-9,4.1
902,"Guinea-Bissau Military",4,433,"Senegal",-8,-8,"Man Junta",1,6,9,1998,11,1,1998,-8,-8,-8,-8,-8,-8,-8,4,,2,-8,-9,-8,4.1
905,"Africa's World War",4,540,"Angola",-8,-8,"RCD, MLC, et al",1,8,24,1998,11,4,2002,-8,-8,-8,-8,-8,-8,-8,4,,3,-8,-9,-8,4.1
905,"Africa's World War",4,625,"Sudan",-8,-8,"RCD, MLC, et al",1,9,17,1998,7,22,2002,-8,-8,-8,-8,-8,-8,-8,4,,3,-8,-9,-8,4.1
905,"Africa's World War",4,565,"Namibia",-8,-8,"RCD, MLC, et al",1,8,28,1998,8,4,2001,-8,-8,-8,-8,-8,-8,-8,4,,3,-8,-9,-8,4.1
905,"Africa's World War",4,552,"Zimbabwe",-8,-8,"RCD, MLC, et al",1,8,21,1998,9,13,2002,-8,-8,-8,-8,-8,-8,-8,4,,3,-8,-9,-8,4.1
905,"Africa's World War",4,-8,-8,517,"Rwanda","RCD, MLC, et al",1,8,11,1998,7,22,2002,-8,-8,-8,-8,-8,-8,-8,4,,3,-8,-8,-9,4.1
905,"Africa's World War",4,-8,-8,516,"Burundi","RCD, MLC, et al",1,9,17,1998,7,22,2002,-8,-8,-8,-8,-8,-8,-8,4,,3,-8,-8,-9,4.1
905,"Africa's World War",4,-8,-8,500,"Uganda","RCD, MLC, et al",1,8,26,1998,7,22,2002,-8,-8,-8,-8,-8,-8,-8,4,,3,-8,-8,-9,4.1
905,"Africa's World War",4,483,"Chad",-8,-8,"RCD, MLC, et al",1,9,30,1998,4,18,1999,-8,-8,-8,-8,-8,-8,-8,4,,3,-8,-9,-8,4.1
905,"Africa's World War",4,490,"Democratic Republic of the Congo",-8,"RCD, MLC, et al","RCD, MLC, et al",1,8,2,1998,12,17,2002,-8,-8,-8,-8,-8,-8,-8,4,,3,-8,-9,-9,4.1
906,"Fourth Chad (Togoimi Revolt)",4,483,"Chad",-8,"MDD & MDJT","MDD & MDJT",0,10,16,1998,4,28,2000,-8,-8,-8,-8,-8,-8,-8,4,,7,-8,-9,-9,4.1
907,"Third Angolan",4,540,"Angola",-8,"UNITA","Angola",0,12,4,1998,2,22,2002,-8,-8,-8,-8,-8,-8,-8,4,,1,-8,-9,-9,4.1
908,"Second Congo (Brazzaville)",4,484,"Congo (Brazzaville)",-8,"Ninjas and Cocoye militias","Ninjas and Cocoye militias",0,12,15,1998,11,16,1999,-8,-8,-8,-8,-8,-8,-8,4,,1,-8,-9,-9,4.1
910,"Moluccas Sectarian",7,-8,"Laskar Jihad",-8,"FKM & RMS","Laskar Jihad",0,1,-9,1999,8,22,2000,-8,-8,-8,-8,-8,-8,-8,7,,7,-8,-9,1800,4.1
911,"First Nigeria Christian-Muslim",7,-8,"Christian Tarok",-8,"Muslim Fulani","Muslim Fulani",0,5,-9,1999,5,31,2000,-8,-8,-8,-8,-8,-8,-8,4,,1,-8,-9,-9,4.1
912,"Second Aceh",5,850,"Indonesia",-8,"GAM","GAM",0,5,3,1999,12,9,2002,-8,-8,-8,-8,-8,-8,-8,7,,3,-8,330,3500,4.1
913,"Oromo Liberation",5,530,"Ethiopia",-8,"Oromo Lib. Front","Oromo Lib. Front",0,5,30,1999,8,18,1999,-8,-8,-8,-8,-8,-8,-8,4,,1,-8,200,800,4.1
915,"Second Chechen",5,365,"Russia",-8,"Chechnya","Chechnya",0,8,7,1999,10,3,2003,-8,-8,-8,-8,-8,-8,-8,2,,1,-8,5000,15000,4.1
916,"Second Philippine-Moro",5,840,"Philippines",-8,"MILF","Philippines",0,4,23,2000,6,22,2001,-8,-8,-8,-8,-8,-8,-8,7,,3,-8,-9,-9,4.1
917,"Guinean",4,438,"Guinea",-8,"RDFG","RDFG",0,9,11,2000,4,-9,2001,-8,-8,-8,-8,-8,-8,-8,4,,6,-8,-9,-9,4.1
918,"Third Burundi",4,516,"Burundi",-8,"FNL & FROLINA","FNL & FROLINA",0,3,21,2001,10,8,2003,-8,-8,-8,-8,-8,-8,-8,4,,3,-8,150,3000,4.1
920,"Fourth Rwanda",4,517,"Rwanda",-8,"Army for the Liberation of Rwanda","Army for the Liberation of Rwanda",0,5,21,2001,9,4,2001,-8,-8,-8,-8,-8,-8,-8,4,,1,-8,-9,1800,4.1
921,"First Nepal Maoist Insurgency",4,790,"Nepal",-8,"CPN","CPN",0,11,23,2001,1,29,2003,-8,-8,-8,-8,-8,-8,-8,7,,6,-8,680,3100,4.1
922,"Fourth Liberian",4,450,"Liberia",-8,"LURD & MODEL","LURD & MODEL",0,2,-9,2002,8,11,2003,-8,-8,-8,-8,-8,-8,-8,4,,2,-8,-9,-9,4.1
923,"Ethiopian Anyuaa-Nuer",7,,"Anyuaa",-8,"Nuer","Nuer",0,8,-9,2002,1,-9,2003,-8,-8,-8,-8,-8,-8,-8,4,,7,-8,-9,-9,4.1
925,"Cote d'Ivoire Military",4,220,"France",-8,-8,"MPCI, MPIGO, MJP",1,12,11,2002,11,16,2004,-8,-8,-8,-8,-8,-8,-8,4,,2,-8,9,-8,4.1
925,"Cote d'Ivoire Military",4,437,"Cote d'Ivoire",-8,"MPCI, MPIGO, MJP","MPCI, MPIGO, MJP",1,9,19,2002,11,16,2004,-8,-8,-8,-8,-8,-8,-8,4,,2,-8,200,2500,4.1
926,"Third Philippine-Moro",5,840,"Philippines",-8,"MILF & ASG","Philippines",0,2,11,2003,7,-9,2003,-8,-8,-8,-8,-8,-8,-8,7,,7,-8,410,590,4.1
927,"Darfur",5,625,"Sudan",-8,"SLA & JEM","SLA & JEM",0,2,26,2003,12,11,2006,-8,-8,-8,-8,-8,-8,-8,6,,6,-8,-9,-9,4.1
930,"Third Aceh",5,850,"Indonesia",-8,"GAM","Indonesia",0,5,18,2003,11,18,2003,-8,-8,-8,-8,-8,-8,-8,7,,1,-8,150,1400,4.1
931,"Second Nepal Maoists",4,790,"Nepal",-8,"CPN","CPN",0,8,27,2003,4,26,2006,-8,-8,-8,-8,-8,-8,-8,7,,3,-8,1260,5770,4.1
932,"Waziristan",5,2,"United States of America",-8,-8,"United States of America",1,2,20,2004,9,5,2006,-8,-8,-8,-8,-8,-8,-8,7,,2,-8,-9,-8,4.1
932,"Waziristan",5,770,"Pakistan",-8,"Waziri tribes","Pakistan",1,2,20,2004,9,5,2006,-8,-8,-8,-8,-8,-8,-8,7,,2,-8,1200,1800,4.1
933,"Second Nigeria Christian-Muslim",7,,"Christian Tarok",-8,"Muslim Fulani","Muslim Fulani",0,3,-9,2004,9,16,2004,-8,-8,-8,-8,-8,-8,-8,4,,6,-8,-9,-9,4.1
935,"First Yemeni Cleric",4,679,"Yemen",-8,"Zaidi Muslims","Zaidi Muslims",0,6,21,2004,4,8,2005,-8,-8,-8,-8,-8,-8,-8,6,,1,-8,900,1350,4.1
936,"Philippine Joint Offensive",5,840,"Philippines",-8,"MILF & NPA","Philippines",0,1,17,2005,7,11,2006,-8,-8,-8,-8,-8,-8,-8,7,,7,-8,723,2100,4.1
937,"Fifth Chad",4,483,"Chad",-8,"FUDC","FUDC",0,12,18,2005,12,20,2006,-8,-8,-8,-8,-8,-8,-8,4,,1,-8,100,1000,4.1
938,"Third Somalia",4,2,"United States of America",-8,-8,"SCIC",1,1,7,2007,6,3,2007,-8,-8,-8,-8,-8,-8,-8,4,,1,-8,-9,-8,4.1
938,"Third Somalia",4,520,"Somalia",-8,"SCIC","SCIC",1,3,6,2006,6,1,2008,-8,-8,-8,-8,-8,-8,-8,4,,1,-8,-9,-9,4.1
938,"Third Somalia",4,530,"Ethiopia",-8,-8,"SCIC",1,10,9,2006,6,11,2008,-8,-8,-8,-8,-8,-8,-8,4,,1,-8,-9,-8,4.1
938,"Third Somalia",4,-8,-8,531,"Eritrea","SCIC",1,10,19,2006,6,11,2008,-8,-8,-8,-8,-8,-8,-8,4,,1,-8,-8,-9,4.1
940,"Second Sri Lanka Tamil",5,780,"Sri Lanka",-8,"LTTE","Sri Lanka",0,10,11,2006,-7,-7,-7,-8,-8,-8,-8,-8,-8,-8,7,,5,-8,-9,-9,4.1
941,"Second Yemeni Cleric",4,679,"Yemen",-8,"Zaidi Muslims","Zaidi Muslims",0,1,29,2007,6,16,2007,-8,-8,-8,-8,-8,-8,-8,6,,6,-8,1500,2000,4.1
